Key,Value,Wiki,Description,Note
# 경제 — 시작 자원,,,,
Economy.StartingStars,5,5,시작 별(위키: 별),
# 도시,,,,
City.StarsPerLevel,1,1,도시 레벨당 별/턴,
City.CapitalStars,1,1,수도 추가 별/턴(위키: 사람 플레이어 수도),
City.DefaultBorderRadius,1,1,새 도시 영토 반경(1 = 3x3),
City.UnitCapacityBase,1,1,도시 하나가 지원하는 유닛 수 = 레벨 + 이 값(도시별 — 유닛 소속 도시 HomeCity),
City.MarketStarsPerLevel,1,1,시장: 인접 가공 건물 레벨 하나당 별/턴,위키 Stars 문서는 2로 적혀 있으나 Market/Buildings 문서(1)를 따름
City.MarketStarsCap,8,8,시장 별 상한(위키: 최대 레벨 8),
City.MaxPortWaterGap,5,5,항구 연결: 항구 사이 물 칸 최대 수(City Connections),
City.SuperUnitId,giant,giant,슈퍼 유닛(도시 레벨 5+ 보상)으로 소환할 유닛 CSV Id — 도시에서 훈련할 수는 없다,
# 회복/해산/유적,,,,
Heal.OwnTerritory,4,4,자기 영토에서 쉬면 회복량,
Heal.Other,2,2,중립/적 영토에서 쉬면 회복량,
Unit.DisbandRefundDivisor,2,2,해산 환급 = 훈련 비용 / 이 값(내림),
Ruin.Stars,10,10,유적 보상: 별,
Ruin.Population,3,3,유적 보상: 인구(수도),
Ruin.NewFriendsUnitId,gladiator,Swordsman,유적 보상 "New Friends": 육지 유적에서 베테랑으로 나오는 유닛 CSV Id(위키: 베테랑 검사),이 프로젝트의 검사 Id는 gladiator
Ruin.SeaUnitId,infantry,Warrior,물 위 유적 보상: 배에 태워 나오는 유닛 CSV Id(위키: 전사를 태운 베테랑 충각선),이 프로젝트의 전사 Id는 infantry
Ruin.SeaBoatId,rammer,rammer,물 위 유적 보상: 그 유닛이 타고 나오는 배(NavalUnits.csv Id),
# 침투(위키 Cloak "Infiltrate"),,,,
Infiltration.MaxDaggers,5,5,침투 시 소환하는 Dagger 수 = 도시 레벨(최대 N),
Infiltration.DaggerUnitId,dagger,dagger,침투로 소환하는 유닛 CSV Id(위키 Dagger — 물 위면 Boat 칸의 배 = Pirate),
# 베테랑(위키 Units "Veteran Units"),,,,
Veteran.KillsRequired,3,3,이만큼 처치(공격/반격)하면 승급 가능,
Veteran.MaxHpBonus,5,5,승급 시 최대 체력 +N 후 완전 회복,
Starfish.Stars,8,8,불가사리 인양 별(위키 Starfish — 배가 그 칸에서 턴을 시작하면 인양),
# 기술,,,,
Tech.DefaultCostBase,4,4,TechTree.csv CostBase를 비웠을 때 값(비용 = 티어 x 도시 수 + 4),
Tech.LiteracyDivisor,3,3,Literacy: 비용에서 1/N을 뺀다(= 2/3 올림 — 위키 비용 표와 일치),
# 전투(위키 Combat 공식),,,,
Combat.DamageCoefficient,4.5,4.5,피해 = 힘의 비율 x 공격(또는 방어) x 이 계수,
Combat.DefenseBonusMultiplier,1.5,1.5,지형 방어 기술(숲/산/물)·요새화 유닛의 도시 방어 배수 (겹치지 않음),
Combat.WallDefenseMultiplier,4,4,성벽 도시의 요새화 유닛 방어 배수,
Combat.SplashDivisor,2,2,스플래시 피해 = 그 대상에게 계산한 공격 피해 / N,원문은 나누기만 하고(.5 체력 버그) 여기서는 내림 — 값은 같음
Combat.MeleeAdvanceOnKill,true,true,근접(사거리 1) 유닛이 인접한 적을 처치하면 그 칸으로 전진,
Combat.GuardDefenseBonus,1,,방어 태세(Defend 행동) 방어 스탯 +N,프로젝트 고유 행동(위키에 없음) — 위키 척도(방어 1~4)에 맞춰 2 -> 1
# 점수(위키 Score),,,,
Score.PerUnitCostStar,5,5,유닛 비용 1당 점수,
Score.SuperUnit,50,50,슈퍼 유닛 점수,
Score.PerTerritoryTile,20,20,영토 칸당 점수,
Score.PerExploredTile,5,5,탐험한 칸당 점수,
Score.CityBase,100,100,도시 기본 점수,
Score.PerCityLevelAbove1,50,50,도시 레벨(1 초과)당 점수,
Score.PerPopulation,5,5,인구당 점수,
Score.Park,250,250,공원 점수,
Score.Monument,400,400,기념물 점수,
Score.TempleBase,100,100,신전 기본 점수,
Score.PerTempleLevelAbove1,50,50,신전 레벨(1 초과)당 점수,위키 Temples의 레벨별 점수 표를 따름(본문·다른 문서와 불일치)
Score.TempleMaxLevel,5,5,신전 최대 레벨,
Score.TempleTurnsPerLevel,3,3,신전이 레벨 업하는 간격(턴),위키 Temple 본문은 "2턴마다"지만 같은 문서의 레벨 표(0-2턴 Lv1 / 3-5턴 Lv2 ...)를 따름
Score.PerTechTier,100,100,기술 티어당 점수,
# 시야(위키 Terrain/Unit Skills/Explorer/Lighthouse),,,,
Vision.BaseSightRadius,1,1,유닛 시야 반경(1 = 3x3),
Vision.ExtendedSightRadius,2,2,산 위/정찰 시야 반경(2 = 5x5),
Vision.StartRevealRadius,2,2,시작 시 수도 주변 밝히는 반경,
Vision.ExplorerMoves,12,12,탐험가 이동 횟수(2026-02 패치로 15 -> 12),
Vision.ExplorerScanRange,4,4,탐험가가 한 걸음에 세는 구름 칸 상한,
Vision.LighthousePopulation,1,1,등대를 처음 밝히면 수도 인구 +N,
# 맵 생성(위키 Map Generation),,,,
Map.MountainFraction,0.14,0.14,육지 중 산 비율(바이옴 MountainRate를 곱함),
Map.ForestFraction,0.38,0.38,육지 중 숲 비율(바이옴 ForestRate를 곱함),
Map.CapitalEdgeMargin,2,,수도는 맵 가장자리로부터 최소 N칸,원문은 가장자리 여백을 밝히지 않음 — 수도가 벽에 붙지 않게 3x3 영역 + 한 칸 여유
Map.CapitalLandRadius,1,,수도 주변 N칸(체비쇼프)은 육지로 강제,원문 "수도 자리의 땅은 강제로 생성"의 범위를 3x3으로 해석
Map.MinCapitalLandmassSize,9,,Pangea/Continents에서 수도가 설 수 있는 육지 덩어리(4방향 연결) 최소 칸 수,원문에 없음 — 수도가 한두 칸짜리 섬에 갇히지 않게
Map.CapitalMinDistance,3,,수도끼리 최소 거리(체비쇼프),원문에 없음 — 쿼드런트 경계에서 수도가 붙지 않게
Map.CityMinDistance,2,2,수도·Suburb·Pre-terrain 마을끼리 최소 거리(체비쇼프; 2 = 바로 인접 금지),
Map.SuburbRadius,3,,Suburb가 수도로부터 떨어질 수 있는 최대 거리(체비쇼프),원문은 "보통 몇 칸 떨어짐"이라고만 함
Map.SuburbsPerCapital,2,2,수도마다 시도하는 Suburb 수(자리가 없을 때만 줄어듦),
Map.PreTerrainDensity,0.3,0.3,Pre-terrain 마을 수 공식의 밀도 계수(Lakes/Archipelago),
Map.PreTerrainDensityWaterworld,0.1,0.1,Pre-terrain 마을 수 공식의 밀도 계수(Waterworld),
Map.PreTerrainEdgeMargin,1,1,Pre-terrain 마을은 맵 가장자리로부터 최소 N칸,
Map.PostTerrainCityMinDistance,3,3,Post-terrain 마을의 다른 도시와 최소 거리(체비쇼프; 원문 "2칸 이내 금지"),
Map.PostTerrainEdgeMargin,2,2,Post-terrain 마을은 맵 가장자리로부터 최소 N칸(자리가 없으면 줄여 가며 다시 찾음),
Map.ContinentMinSize,30,30,Continents 대륙 한 덩어리 최소 칸 수,
Map.ContinentMaxSize,200,200,Continents 대륙 한 덩어리 최대 칸 수,
Map.LakesRequiredVillages,2,2,Lakes: 수도마다 육로로 닿아야 하는 마을 수,
Map.LakesMaxBridgesPerCapital,4,,Lakes: 위 조건을 맞추려 수도마다 놓는 육지 다리 최대 개수,원문에 없음 — 무한 반복 방지 상한
Map.ResourceCityRadius,2,2,자원은 도시·마을로부터 이 거리(체비쇼프) 이내에만 생성(1 = Inner; 그 밖 = Outer),
Map.TinyIslandEdgeMargin,1,,외딴 섬 마을은 맵 가장자리로부터 최소 N칸,원문에 없음 — 8방향 이웃이 모두 물인지 보려면 맨 가장자리는 제외
Map.TinyIslandTilesPerVillage,100,,맵 크기 표에 없는 크기의 외딴 섬 마을 수 = 칸 수 / N(내림),원문 표에 없는 크기를 표와 같은 비율로 근사
Map.RuinTilesPerRuin,36,,맵 크기 표에 없는 크기의 유적 수 = 칸 수 / N(반올림; 최소 1),원문 표에 없는 크기를 표와 같은 비율로 근사
# AI 튜닝(위키 무관),,,,
AI.MaxImprovementsPerTurn,12,,경제 AI가 한 턴에 하는 건설/채집 최대 횟수,AI 전용
AI.ThreatRadius,3,,경제 AI: 자기 영토 N칸 안의 적 유닛을 위협으로 센다,AI 전용
AI.MaxConnectionBudget,18,,경제 AI: 도시 연결 계획 최대 별,AI 전용
AI.DefendRadius,2,,군사 AI: 적이 도시 N칸 안이면 가장 가까운 유닛이 복귀,AI 전용
Diplomacy.EmbassyIncome,2,2,대사관 하나가 양쪽 부족에 주는 별/턴,
Diplomacy.PeaceTreatyIncomeMultiplier,2,2,평화 조약 상태의 대사관 수입 배수,
Diplomacy.EmbassySightRadius,1,1,대사관 건설 시 상대 수도 주변 공개 반경,
