Index,Id,Cost,Population,Terrain1,Terrain2,RequiredStructure1,RequiredStructure2,AdjacentBuildingIndex1,AdjacentBuildingIndex2,AdjacentBuildingIndex3,PopulationPerAdjacent,Flag1,Flag2,Flag3,Task
0,LumberHut,3,1,Forest,,,,,,,0,,,,
1,Farm,5,2,Field,,Resource_Crop,,,,,0,,,,
2,Mine,5,2,Mountain,,Resource_Metal,Resource_Ore,,,,0,,,,
3,Port,7,1,ShallowWater,,,,,,,0,,,,
4,Sawmill,5,0,Field,,,,0,,,1,OnePerCity,,,
5,Windmill,5,0,Field,,,,1,,,1,OnePerCity,,,
6,Forge,5,0,Field,Forest,,,2,,,2,OnePerCity,,,
7,Market,5,0,Field,,,,4,5,6,0,StarsFromAdjacent,,,
8,Temple,20,1,Field,,,,,,,0,Temple,,,
9,ForestTemple,15,1,Forest,,,,,,,0,Temple,,,
10,MountainTemple,20,1,Mountain,,,,,,,0,Temple,,,
11,WaterTemple,20,1,ShallowWater,Ocean,,,,,,0,Temple,,,
12,Road,3,0,Field,Forest,,,,,,0,Road,Neutral,,
13,Bridge,5,0,ShallowWater,,,,,,,0,Neutral,OppositeLand,ActsAsRoad,
14,AltarOfPeace,0,3,Field,ShallowWater,,,,,,0,,,,Pacifist
15,EmperorsTomb,0,3,Field,ShallowWater,,,,,,0,,,,Wealth
16,EyeOfGod,0,3,Field,ShallowWater,,,,,,0,,,,Explorer
17,GateOfPower,0,3,Field,ShallowWater,,,,,,0,,,,Killer
18,GrandBazaar,0,3,Field,ShallowWater,,,,,,0,,,,Network
19,ParkOfFortune,0,3,Field,ShallowWater,,,,,,0,,,,Metropolis
20,TowerOfWisdom,0,3,Field,ShallowWater,,,,,,0,,,,Genius
21,Embassy,5,0,Field,,,,,,,0,Embassy,,,
