Index,Id,Icon,CostBase,CostPerCity,Unlock1,Unlock2,Unlock3,Unlock4
0,Climbing,mountaineering,4,1,0,1,2,
1,Meditation,meditation,4,2,3,4,,
2,Mining,mining,4,2,5,,,
3,Philosophy,philosophy,4,3,6,7,8,
4,Smithery,smithing,4,3,9,10,,
5,Organization,gathering,4,1,11,12,,
6,Strategy,shields,4,2,13,,,
7,Farming,farming,4,2,14,,,
8,Diplomacy,diplomacy,4,3,15,16,51,
9,Construction,construction,4,3,17,18,,
10,Riding,riding,4,1,19,,,
11,FreeSpirit,freespirit,4,2,20,21,,
12,Roads,roads,4,2,22,23,50,
13,Chivalry,chivalry,4,3,24,25,,
14,Trade,trade,4,3,26,27,,
15,Hunting,hunting,4,1,28,29,,
16,Forestry,forestry,4,2,30,31,,
17,Archery,archery,4,2,32,33,,
18,Mathematics,mathematics,4,3,34,35,,
19,Spiritualism,spiritualism,4,3,36,37,,
20,Fishing,fishing,4,1,38,39,40,
21,Ramming,ramming,4,2,41,,,
22,Sailing,sailing,4,2,42,43,,
23,Aquatism,aquatics,4,3,44,45,,
24,Navigation,navigation,4,3,46,47,48,49
