Index,Id,BiomeIndex,TechGroupIndex,StartTech1,StartStars,StartCapitalLevel,StartUnit1,StartConditionIndex,Wiki
0,XinXi,2,0,0,7,1,0,0,Climbing/Warrior/7
1,Imperius,0,1,5,5,1,0,0,Organization/Warrior/5
2,Bardur,0,2,15,5,1,0,0,Hunting/Warrior/5
3,Oumaji,1,3,10,6,1,3,0,Riding/Rider/6
4,Kickoo,0,4,20,5,1,0,1,Fishing/Warrior/5
5,Hoodrick,0,5,17,7,1,5,0,Archery/Archer/7
6,Luxidoor,0,6,,2,3,0,1,None/Warrior/2
7,Vengir,2,7,4,5,1,2,0,Smithery/Swordsman/5
8,Zebasi,1,8,7,5,1,0,0,Farming/Warrior/5
9,AiMo,2,9,3,5,1,7,0,Philosophy/Mind Bender/5
10,Quetzali,0,10,6,7,1,1,0,Strategy/Defender/7
11,Yadakk,1,11,12,7,1,0,0,Roads/Warrior/7
