Index,Id,MaxHp,Defense,BaseVisual,Action1,Action2,Action3,Action4,Action5,Action6,Action7,Action8,Action9,Domain,Move.Range,Attack.Attack,Attack.Range,Heal.Amount,Heal.Range,Cost,Trainable,BoatIndex
0,infantry,10,2,Melee,Move,Attack,Charge,Fortify,Counter,,,,,Land,1,2,1,0,0,2,1,-1
1,shield,15,3,Guard,Move,Attack,Fortify,Counter,,,,,,Land,1,1,1,0,0,3,1,-1
2,gladiator,15,3,RogueHooded,Move,Attack,Charge,Counter,,,,,,Land,1,3,1,0,0,5,1,-1
3,cavalry,10,1,Melee,Move,Attack,Charge,Retreat,Fortify,Counter,,,,Land,2,2,1,0,0,3,1,-1
4,knight,10,1,SkeletonWarrior,Move,Attack,Charge,Combo,Fortify,Counter,,,,Land,3,3.5,1,0,0,8,1,-1
5,archer,10,1,Ranged,Move,Attack,Charge,Fortify,Counter,,,,,Land,1,2,2,0,0,3,1,-1
6,catapult,10,0,Ranged,Move,Attack,Stiff,,,,,,,Land,1,4,3,0,0,8,1,-1
7,cleric,10,1,Mage,Move,Attack,Heal,Convert,Stiff,,,,,Land,1,0,1,4,1,5,1,-1
8,spy,5,0.5,RogueHooded,Move,Attack,Charge,Hide,Infiltrate,Scout,Creep,Stiff,Static,Land,2,2,1,0,0,8,1,4
9,giant,40,4,Guard,Move,Attack,Counter,,,,,,,Land,1,5,1,0,0,10,0,6
10,dagger,10,2,RogueHooded,Move,Attack,Charge,Ambush,Independent,Static,Counter,,,Land,1,2,1,0,0,0,0,5
