Id,Name,MaxHp,Defense,BaseVisual,Action1,Action2,Action3,Action4,Action5,Action6,Action7,Action8,Action9,Domain,Move.Range,Attack.Attack,Attack.Range,Heal.Amount,Heal.Range,Cost,Trainable,Boat
infantry,보병,10,2,Melee,Move,Attack,Charge,Fortify,Counter,,,,,Land,1,2,1,0,0,2,1,
shield,방패병,15,3,Guard,Move,Attack,Fortify,Counter,,,,,,Land,1,1,1,0,0,3,1,
gladiator,검투사,15,3,RogueHooded,Move,Attack,Charge,Counter,,,,,,Land,1,3,1,0,0,5,1,
cavalry,기병,10,1,Melee,Move,Attack,Charge,Retreat,Fortify,Counter,,,,Land,2,2,1,0,0,3,1,
knight,기사,10,1,SkeletonWarrior,Move,Attack,Charge,Combo,Fortify,Counter,,,,Land,3,3.5,1,0,0,8,1,
archer,궁병,10,1,Ranged,Move,Attack,Charge,Fortify,Counter,,,,,Land,1,2,2,0,0,3,1,
catapult,투석기,10,0,Ranged,Move,Attack,Stiff,,,,,,,Land,1,4,3,0,0,8,1,
cleric,사제,10,1,Mage,Move,Attack,Heal,Convert,Stiff,,,,,Land,1,0,1,4,1,5,1,
spy,스파이,5,0.5,RogueHooded,Move,Attack,Charge,Hide,Infiltrate,Scout,Creep,Stiff,Static,Land,2,2,1,0,0,8,1,dinghy
giant,거인,40,4,Guard,Move,Attack,Counter,,,,,,,Land,1,5,1,0,0,10,0,
dagger,단검,10,2,RogueHooded,Move,Attack,Charge,Ambush,Independent,Static,Counter,,,Land,1,2,1,0,0,0,0,pirate
