Key,ko,en
UI.SandboxHud.CsvTitle,CSV 데이터 설정,CSV data settings
UI.SandboxHud.SelectCsv,파일 선택,Choose file
UI.SandboxHud.Default,기본 파일,Default file
UI.SandboxHud.PickCsv,{0} 파일 선택,Choose {0}
UI.SandboxHud.CustomCsv,선택: {0},Selected: {0}
UI.SandboxHud.LegacyTechDefault,기본: Tables 기술 표 사용,Default: use Tables tech data
UI.Sandbox.CsvApplied,{0} 적용됨,{0} applied
UI.Sandbox.CsvActive,개별 CSV {0}개 적용됨; 나머지는 기본 파일,{0} custom CSV files; defaults for the rest
# 언어,,
Language.Name,한국어,English
"# 유닛·배 (Units.csv, Boats.csv)",,
Unit.infantry.Name,보병,Warrior
Unit.shield.Name,방패병,Defender
Unit.gladiator.Name,검투사,Swordsman
Unit.cavalry.Name,기병,Rider
Unit.knight.Name,기사,Knight
Unit.archer.Name,궁병,Archer
Unit.catapult.Name,투석기,Catapult
Unit.cleric.Name,사제,Mind Bender
Unit.spy.Name,스파이,Cloak
Unit.giant.Name,거인,Giant
Unit.dagger.Name,단검,Dagger
Unit.raft.Name,뗏목,Raft
Unit.scout.Name,정찰선,Scout
Unit.rammer.Name,충각선,Rammer
Unit.bomber.Name,폭격선,Bomber
Unit.dinghy.Name,작은 배,Dinghy
Unit.pirate.Name,해적선,Pirate
# 건물 (Buildings.csv),,
Building.LumberHut.Name,벌목장,Lumber Hut
Building.LumberHut.Desc,인구 +{Population}.,Population +{Population}.
Building.Farm.Name,농장,Farm
Building.Farm.Desc,작물 위. 인구 +{Population}.,On crops. Population +{Population}.
Building.Mine.Name,광산,Mine
Building.Mine.Desc,광물 위. 인구 +{Population}.,On metal. Population +{Population}.
Building.Port.Name,항구,Port
Building.Port.Desc,"얕은 물. 인구 +{Population}, 들어온 육지 유닛은 뗏목이 된다, 물 {Rule.City.MaxPortWaterGap}칸 이내 항구와 수도 연결.","Shallow water. Population +{Population}, land units entering become rafts, connects to ports and the capital within {Rule.City.MaxPortWaterGap} water tiles."
Building.Sawmill.Name,제재소,Sawmill
Building.Sawmill.Desc,인접 벌목장 하나당 인구 +{PopulationPerAdjacent}. 도시마다 하나만.,Population +{PopulationPerAdjacent} per adjacent Lumber Hut. Only one per city.
Building.Windmill.Name,풍차,Windmill
Building.Windmill.Desc,인접 농장 하나당 인구 +{PopulationPerAdjacent}. 도시마다 하나만.,Population +{PopulationPerAdjacent} per adjacent Farm. Only one per city.
Building.Forge.Name,대장간,Forge
Building.Forge.Desc,인접 광산 하나당 인구 +{PopulationPerAdjacent}. 평지/숲. 도시마다 하나만.,Population +{PopulationPerAdjacent} per adjacent Mine. Field/forest. Only one per city.
Building.Market.Name,시장,Market
Building.Market.Desc,인접 제재소/풍차/대장간 레벨 합만큼 매 턴 별 (최대 {Rule.City.MarketStarsCap}).,Stars every turn equal to the total level of adjacent Sawmills/Windmills/Forges (max {Rule.City.MarketStarsCap}).
Building.Temple.Name,신전,Temple
Building.Temple.Desc,"인구 +{Population}. 점수 {Rule.Score.TempleBase}, {Rule.Score.TempleTurnsPerLevel}턴마다 레벨 업(레벨당 +{Rule.Score.PerTempleLevelAbove1}점, 최대 {Rule.Score.TempleMaxLevel}레벨).","Population +{Population}. {Rule.Score.TempleBase} points, levels up every {Rule.Score.TempleTurnsPerLevel} turns (+{Rule.Score.PerTempleLevelAbove1} points per level, up to level {Rule.Score.TempleMaxLevel})."
Building.ForestTemple.Name,숲 신전,Forest Temple
Building.ForestTemple.Desc,"인구 +{Population}. 점수 {Rule.Score.TempleBase}, {Rule.Score.TempleTurnsPerLevel}턴마다 레벨 업(레벨당 +{Rule.Score.PerTempleLevelAbove1}점, 최대 {Rule.Score.TempleMaxLevel}레벨).","Population +{Population}. {Rule.Score.TempleBase} points, levels up every {Rule.Score.TempleTurnsPerLevel} turns (+{Rule.Score.PerTempleLevelAbove1} points per level, up to level {Rule.Score.TempleMaxLevel})."
Building.MountainTemple.Name,산악 신전,Mountain Temple
Building.MountainTemple.Desc,"인구 +{Population}. 점수 {Rule.Score.TempleBase}, {Rule.Score.TempleTurnsPerLevel}턴마다 레벨 업(레벨당 +{Rule.Score.PerTempleLevelAbove1}점, 최대 {Rule.Score.TempleMaxLevel}레벨).","Population +{Population}. {Rule.Score.TempleBase} points, levels up every {Rule.Score.TempleTurnsPerLevel} turns (+{Rule.Score.PerTempleLevelAbove1} points per level, up to level {Rule.Score.TempleMaxLevel})."
Building.WaterTemple.Name,해양 신전,Water Temple
Building.WaterTemple.Desc,"인구 +{Population}. 점수 {Rule.Score.TempleBase}, {Rule.Score.TempleTurnsPerLevel}턴마다 레벨 업(레벨당 +{Rule.Score.PerTempleLevelAbove1}점, 최대 {Rule.Score.TempleMaxLevel}레벨).","Population +{Population}. {Rule.Score.TempleBase} points, levels up every {Rule.Score.TempleTurnsPerLevel} turns (+{Rule.Score.PerTempleLevelAbove1} points per level, up to level {Rule.Score.TempleMaxLevel})."
Building.Road.Name,도로,Road
Building.Road.Desc,"도로끼리 이동 비용 절반, 숲 이동 제한 해제, 수도 연결. 중립 땅에도 건설 가능.","Half movement cost between roads, removes forest movement penalty, connects to the capital. Can be built on neutral land."
Building.Bridge.Name,다리,Bridge
Building.Bridge.Desc,양쪽(상하/좌우)이 육지인 물 한 칸. 육지 유닛 통행 + 도로 효과 + 수도 연결. 중립 물에도 건설 가능.,A water tile with land on both sides (up/down or left/right). Land units can cross + road effect + capital connection. Can be built on neutral water.
Building.AltarOfPeace.Name,평화의 제단,Altar of Peace
Building.AltarOfPeace.Desc,"기념물. 인구 +{Population}, 점수 {Rule.Score.Monument}. 팀당 한 번.","Monument. Population +{Population}, {Rule.Score.Monument} points. Once per team."
Building.EmperorsTomb.Name,황제의 무덤,Emperor's Tomb
Building.EmperorsTomb.Desc,"기념물. 인구 +{Population}, 점수 {Rule.Score.Monument}. 팀당 한 번.","Monument. Population +{Population}, {Rule.Score.Monument} points. Once per team."
Building.EyeOfGod.Name,신의 눈,Eye of God
Building.EyeOfGod.Desc,"기념물. 인구 +{Population}, 점수 {Rule.Score.Monument}. 팀당 한 번.","Monument. Population +{Population}, {Rule.Score.Monument} points. Once per team."
Building.GateOfPower.Name,힘의 문,Gate of Power
Building.GateOfPower.Desc,"기념물. 인구 +{Population}, 점수 {Rule.Score.Monument}. 팀당 한 번.","Monument. Population +{Population}, {Rule.Score.Monument} points. Once per team."
Building.GrandBazaar.Name,대시장,Grand Bazaar
Building.GrandBazaar.Desc,"기념물. 인구 +{Population}, 점수 {Rule.Score.Monument}. 팀당 한 번.","Monument. Population +{Population}, {Rule.Score.Monument} points. Once per team."
Building.ParkOfFortune.Name,행운의 공원,Park of Fortune
Building.ParkOfFortune.Desc,"기념물. 인구 +{Population}, 점수 {Rule.Score.Monument}. 팀당 한 번.","Monument. Population +{Population}, {Rule.Score.Monument} points. Once per team."
Building.TowerOfWisdom.Name,지혜의 탑,Tower of Wisdom
Building.TowerOfWisdom.Desc,"기념물. 인구 +{Population}, 점수 {Rule.Score.Monument}. 팀당 한 번.","Monument. Population +{Population}, {Rule.Score.Monument} points. Once per team."
# 타일 행동 (TileActions.csv),,
TileAction.HarvestFruit.Name,과일 채집,Harvest Fruit
TileAction.HarvestFruit.Desc,인구 +{Population}.,Population +{Population}.
TileAction.HuntAnimal.Name,사냥,Hunt
TileAction.HuntAnimal.Desc,인구 +{Population}.,Population +{Population}.
TileAction.CatchFish.Name,낚시,Fish
TileAction.CatchFish.Desc,인구 +{Population}.,Population +{Population}.
TileAction.ClearForest.Name,벌목,Clear Forest
TileAction.ClearForest.Desc,숲을 평지로. 별 +{StarsGain}.,Turns forest into field. Stars +{StarsGain}.
TileAction.BurnForest.Name,화전,Burn Forest
TileAction.BurnForest.Desc,숲을 작물이 있는 평지로.,Turns forest into field with crops.
TileAction.GrowForest.Name,숲 조성,Grow Forest
TileAction.GrowForest.Desc,평지를 숲으로.,Turns field into forest.
TileAction.DestroyBuilding.Name,건물/유적 파괴,Destroy Building/Ruin
TileAction.DestroyBuilding.Desc,건물을 없애고 그 인구를 되돌린다. 영토 안 유적도 없앤다.,Removes a building and returns its population. Also removes ruins in your territory.
"# 기술 (Techs.csv, TechTree.csv)",,
Tech.Climbing.Name,등반,Climbing
Tech.Climbing.Desc,산 타일 진입/이동 가능. 숨겨진 광맥 발견. 산 타일 유닛 방어력 ×{Rule.Combat.DefenseBonusMultiplier}.,Units can enter and move on mountains. Reveals hidden metal. Units on mountains get ×{Rule.Combat.DefenseBonusMultiplier} defense.
Tech.Meditation.Name,명상,Meditation
Tech.Meditation.Desc,산악 신전 건설 가능(별 {Building.MountainTemple.Cost}). 평화주의 과업({Task.Pacifist.Threshold}턴 비공격 → 평화의 제단) 개방.,Mountain Temple ({Building.MountainTemple.Cost} stars). Unlocks the Pacifist task (no attacks for {Task.Pacifist.Threshold} turns → Altar of Peace).
Tech.Mining.Name,채광,Mining
Tech.Mining.Desc,광산 건설 가능(별 {Building.Mine.Cost} / 광물 위 / 인구 +{Building.Mine.Population}).,Mine ({Building.Mine.Cost} stars / on metal / population +{Building.Mine.Population}).
Tech.Philosophy.Name,철학,Philosophy
Tech.Philosophy.Desc,모든 기술 개발 비용 1/{Rule.Tech.LiteracyDivisor} 감소. 현자(사제) 훈련 가능. 천재 과업(기술 전부 → 지혜의 탑) 개방.,All tech costs -1/{Rule.Tech.LiteracyDivisor}. Train Mind Benders. Unlocks the Genius task (all techs → Tower of Wisdom).
Tech.Smithery.Name,제련,Smithery
Tech.Smithery.Desc,대장간 건설 가능(인접 광산당 인구 +{Building.Forge.PopulationPerAdjacent}). 검사(검투사) 훈련 가능.,Forge (population +{Building.Forge.PopulationPerAdjacent} per adjacent Mine). Train Swordsmen.
Tech.Organization.Name,조직,Organization
Tech.Organization.Desc,과일 채집 가능(별 {TileAction.HarvestFruit.Cost} / 인구 +{TileAction.HarvestFruit.Population}). 숨겨진 농작물 발견.,Harvest fruit ({TileAction.HarvestFruit.Cost} stars / population +{TileAction.HarvestFruit.Population}). Reveals hidden crops.
Tech.Strategy.Name,전략,Strategy
Tech.Strategy.Desc,방패병 훈련 가능. (평화 조약은 외교 시스템이 없어 제외),Train Defenders. (Peace treaties are left out — no diplomacy system.)
Tech.Farming.Name,농사,Farming
Tech.Farming.Desc,농장 건설 가능(별 {Building.Farm.Cost} / 작물 위 / 인구 +{Building.Farm.Population}).,Farm ({Building.Farm.Cost} stars / on crops / population +{Building.Farm.Population}).
Tech.Diplomacy.Name,외교,Diplomacy
Tech.Diplomacy.Desc,"망토 훈련, 대사관 건설 및 수도 시야.","Train Cloaks, establish Embassies and reveal capitals."
Tech.Construction.Name,건축,Construction
Tech.Construction.Desc,풍차 건설 가능(인접 농장당 인구 +{Building.Windmill.PopulationPerAdjacent}). 자기 숲 화전 가능(별 {TileAction.BurnForest.Cost} / 숲 -> 작물 평지).,Windmill (population +{Building.Windmill.PopulationPerAdjacent} per adjacent Farm). Burn your forests ({TileAction.BurnForest.Cost} stars / forest → field with crops).
Tech.Riding.Name,기마,Riding
Tech.Riding.Desc,기마병 훈련 가능.,Train Riders.
Tech.FreeSpirit.Name,자유 영혼,Free Spirit
Tech.FreeSpirit.Desc,신전 건설 가능(별 {Building.Temple.Cost}). 자기 유닛 해산 가능(훈련 비용 1/{Rule.Unit.DisbandRefundDivisor} 환급).,Temple ({Building.Temple.Cost} stars). Disband your units (1/{Rule.Unit.DisbandRefundDivisor} of the training cost refunded).
Tech.Roads.Name,도로,Roads
Tech.Roads.Desc,"도로(별 {Building.Road.Cost})/다리(별 {Building.Bridge.Cost}) 건설 가능 - 도로끼리 이동 비용 절반, 수도 연결 시 인구 보너스. 교역망 과업(연결 도시 {Task.Network.Threshold} → 대시장) 개방.","Road ({Building.Road.Cost} stars) / Bridge ({Building.Bridge.Cost} stars) — half movement cost between roads, population bonus when connected to the capital. Unlocks the Network task ({Task.Network.Threshold} connected cities → Grand Bazaar)."
Tech.Chivalry.Name,기사도,Chivalry
Tech.Chivalry.Desc,기사 훈련 가능. 자기 건물 파괴 가능.,Train Knights. Destroy your own buildings.
Tech.Trade.Name,교역,Trade
Tech.Trade.Desc,시장 건설 가능(인접 풍차/대장간/제재소 레벨만큼 별/턴). 부 과업(별 {Task.Wealth.Threshold} 보유 → 황제의 무덤) 개방.,Market (stars per turn equal to adjacent Windmill/Forge/Sawmill levels). Unlocks the Wealth task (hold {Task.Wealth.Threshold} stars → Emperor's Tomb).
Tech.Hunting.Name,사냥,Hunting
Tech.Hunting.Desc,동물 사냥 가능(별 {TileAction.HuntAnimal.Cost} / 인구 +{TileAction.HuntAnimal.Population}). 숨겨진 동물 발견.,Hunt animals ({TileAction.HuntAnimal.Cost} stars / population +{TileAction.HuntAnimal.Population}). Reveals hidden animals.
Tech.Forestry.Name,임업,Forestry
Tech.Forestry.Desc,벌목장 건설 가능(별 {Building.LumberHut.Cost} / 인구 +{Building.LumberHut.Population}). 자기 숲 벌목 가능(별 +{TileAction.ClearForest.StarsGain}).,Lumber Hut ({Building.LumberHut.Cost} stars / population +{Building.LumberHut.Population}). Clear your forests (stars +{TileAction.ClearForest.StarsGain}).
Tech.Archery.Name,궁술,Archery
Tech.Archery.Desc,궁수 훈련 가능. 숲 타일 유닛 방어력 ×{Rule.Combat.DefenseBonusMultiplier}.,Train Archers. Units in forests get ×{Rule.Combat.DefenseBonusMultiplier} defense.
Tech.Mathematics.Name,수학,Mathematics
Tech.Mathematics.Desc,제재소 건설 가능(인접 벌목장당 인구 +{Building.Sawmill.PopulationPerAdjacent}). 투석기 훈련 가능.,Sawmill (population +{Building.Sawmill.PopulationPerAdjacent} per adjacent Lumber Hut). Train Catapults.
Tech.Spiritualism.Name,강신술,Spiritualism
Tech.Spiritualism.Desc,숲 신전 건설 가능(별 {Building.ForestTemple.Cost}). 자기 평지에 숲 생성 가능(별 {TileAction.GrowForest.Cost}).,Forest Temple ({Building.ForestTemple.Cost} stars). Grow forest on your fields ({TileAction.GrowForest.Cost} stars).
Tech.Fishing.Name,낚시,Fishing
Tech.Fishing.Desc,항구 건설 가능(별 {Building.Port.Cost} / 인구 +{Building.Port.Population} / 들어온 육지 유닛은 뗏목 / 해로 연결). 물고기 낚시 가능. 숨겨진 물고기 발견.,Port ({Building.Port.Cost} stars / population +{Building.Port.Population} / land units entering become rafts / sea connections). Fish. Reveals hidden fish.
Tech.Ramming.Name,충파,Ramming
Tech.Ramming.Desc,"뗏목을 충각선으로 업그레이드 가능(별 {Unit.rammer.Cost}, 자기 영토).","Upgrade rafts to Rammers ({Unit.rammer.Cost} stars, in your territory)."
Tech.Sailing.Name,배 타기,Sailing
Tech.Sailing.Desc,"원양 타일 진입/이동 가능. 뗏목을 정찰선으로 업그레이드 가능(별 {Unit.scout.Cost}, 시야 반경 {Rule.Vision.ExtendedSightRadius}).","Units can enter and move on ocean. Upgrade rafts to Scouts ({Unit.scout.Cost} stars, sight radius {Rule.Vision.ExtendedSightRadius})."
Tech.Aquatism.Name,수생학,Aquatism
Tech.Aquatism.Desc,해양 신전 건설 가능(별 {Building.WaterTemple.Cost}). 근해/원양 타일 유닛 방어력 ×{Rule.Combat.DefenseBonusMultiplier}.,Water Temple ({Building.WaterTemple.Cost} stars). Units on shallow water/ocean get ×{Rule.Combat.DefenseBonusMultiplier} defense.
Tech.Navigation.Name,항해,Navigation
Tech.Navigation.Desc,뗏목을 폭격선으로 업그레이드 가능(별 {Unit.bomber.Cost}). 불가사리(유물) 인양 가능(별 +{Rule.Starfish.Stars}). 숨겨진 불가사리 발견. 깊은 바다를 건너는 항구 연결.,Upgrade rafts to Bombers ({Unit.bomber.Cost} stars). Salvage starfish (stars +{Rule.Starfish.Stars}). Reveals hidden starfish. Ports connect across deep ocean.
# 과업 (Tasks.csv),,
Task.Pacifist.Name,평화주의,Pacifist
Task.Pacifist.Desc,{Threshold}턴 연속 공격하지 않기(반격은 공격이 아님).,Don't attack for {Threshold} turns in a row (counterattacks don't count).
Task.Wealth.Name,부,Wealth
Task.Wealth.Desc,별 {Threshold}을 한 번에 보유.,Hold {Threshold} stars at once.
Task.Explorer.Name,탐험가,Explorer
Task.Explorer.Desc,맵의 등대를 전부 발견.,Discover every lighthouse on the map.
Task.Killer.Name,살육자,Killer
Task.Killer.Desc,적 유닛 {Threshold}기 처치.,Defeat {Threshold} enemy units.
Task.Network.Name,교역망,Network
Task.Network.Desc,수도와 연결된 도시 {Threshold}개.,Have {Threshold} cities connected to the capital.
Task.Metropolis.Name,대도시,Metropolis
Task.Metropolis.Desc,레벨 {Threshold} 이상 도시 보유.,Own a city of level {Threshold} or higher.
Task.Genius.Name,천재,Genius
Task.Genius.Desc,기술 전부 연구.,Research every tech.
# 도시 보상 (CityRewards.csv),,
CityReward.Workshop.Name,공방,Workshop
CityReward.Workshop.Desc,별 수입 +{Amount}/턴,Star income +{Amount}/turn
CityReward.Explorer.Name,탐험가,Explorer
CityReward.Explorer.Desc,도시에서 출발해 {Rule.Vision.ExplorerMoves}번 움직이며 가장 가까운 구름을 걷어낸다,"Sets out from the city and moves {Rule.Vision.ExplorerMoves} times, clearing the nearest clouds"
CityReward.CityWall.Name,성벽,City Wall
CityReward.CityWall.Desc,도시 안 요새화 유닛 방어 강화,Fortified units in the city get stronger defense
CityReward.Resources.Name,자원,Resources
CityReward.Resources.Desc,별 +{Amount},Stars +{Amount}
CityReward.PopulationGrowth.Name,인구 성장,Population Growth
CityReward.PopulationGrowth.Desc,인구 +{Amount},Population +{Amount}
CityReward.BorderGrowth.Name,국경 확장,Border Growth
CityReward.BorderGrowth.Desc,영토 반경 {Rule.City.DefaultBorderRadius} -> {Amount},Territory radius {Rule.City.DefaultBorderRadius} -> {Amount}
CityReward.Park.Name,공원,Park
CityReward.Park.Desc,별 수입 +{Amount}/턴,Star income +{Amount}/turn
CityReward.SuperUnit.Name,슈퍼 유닛,Super Unit
CityReward.SuperUnit.Desc,최대 체력이 가장 높은 유닛을 무료 소환,Summons the unit with the highest max HP for free
# 종족 (Tribes.csv),,
Tribe.XinXi.Name,시신,Xin-xi
Tribe.XinXi.Desc,벚꽃이 핀 험준한 산악지대에서 시작한다.,Starts in rugged mountains covered in cherry blossoms.
Tribe.Imperius.Name,임페리우스,Imperius
Tribe.Imperius.Desc,큰 산과 푸른 계곡 — 과일이 잘 자라는 기후.,Big mountains and green valleys — a climate where fruit grows well.
Tribe.Bardur.Name,바르두르,Bardur
Tribe.Bardur.Desc,끝없는 겨울 숲에서 살아남는 부족.,A tribe surviving in an endless winter forest.
Tribe.Oumaji.Name,우마지,Oumaji
Tribe.Oumaji.Desc,햇볕이 내리쬐는 끝없는 사막의 부족. 기마병으로 시작한다.,A tribe of the endless sun-baked desert. Starts with a Rider.
Tribe.Kickoo.Name,키쿠,Kickoo
Tribe.Kickoo.Desc,흰 모래 해변과 야자수 — 과일과 물고기가 풍부하다.,White sand beaches and palm trees — plenty of fruit and fish.
Tribe.Hoodrick.Name,후드릭,Hoodrick
Tribe.Hoodrick.Desc,노란 가을 숲에 숨어 사는 버섯 요리의 부족. 궁수로 시작한다.,A mushroom-cooking tribe hiding in yellow autumn forests. Starts with an Archer.
Tribe.Luxidoor.Name,룩시도르,Luxidoor
Tribe.Luxidoor.Desc,"시작 기술 없이 별 {StartStars}, 레벨 {StartCapitalLevel} 수도로 시작한다.","Starts with no technology, {StartStars} stars and a level {StartCapitalLevel} capital."
Tribe.Vengir.Name,벵기르,Vengir
Tribe.Vengir.Desc,황무지로 밀려난 부족. 검사로 시작한다.,A tribe pushed out to the wastelands. Starts with a Swordsman.
Tribe.Zebasi.Name,제바시,Zebasi
Tribe.Zebasi.Desc,따뜻한 사바나에서 농사를 짓는 부족.,A farming tribe of the warm savanna.
Tribe.AiMo.Name,아이모,Ai-Mo
Tribe.AiMo.Desc,가장 높고 바람 부는 산맥에서 명상하는 부족. 현자로 시작한다.,"A tribe meditating in the highest, windiest mountains. Starts with a Mind Bender."
Tribe.Quetzali.Name,케찰리,Quetzali
Tribe.Quetzali.Desc,붉은 흙의 새 신을 섬기는 부족. 방패병으로 시작한다.,A tribe worshipping the bird gods of the red soil. Starts with a Defender.
Tribe.Yadakk.Name,야닥,Yadakk
Tribe.Yadakk.Desc,초원의 유목민에서 교역의 부족이 되었다.,Nomads of the steppe who became a tribe of traders.
# 시작 조건 (StartConditions.csv),,
StartCondition.None.Name,기본,Default
StartCondition.None.Desc,수도 주변 추가 규칙 없음,No extra rules around the capital
StartCondition.DrylandsCoast.Name,건조지대 해안 수도,Drylands Coastal Capital
StartCondition.DrylandsCoast.Desc,Drylands 맵에서 수도 옆에 물 {StartRule.DrylandsWater.Count}칸 + 각 칸에 물고기,"On Drylands maps, {StartRule.DrylandsWater.Count} water tiles next to the capital, each with fish"
# 바이옴 (Biomes.csv),,
Biome.Grassland.Name,평원,Grassland
Biome.Desert.Name,사막,Desert
Biome.Highland.Name,고지대,Highland
# 구조물 (StructureDefinition),,
Structure.Capital.Name,수도,Capital
Structure.Capital.Desc,이 지역을 다스리는 도시의 중심입니다.,The center of the city that rules this region.
Structure.Village.Name,마을,Village
Structure.Village.Desc,사람들이 모여 사는 작은 정착지입니다.,A small settlement where people gather to live.
Structure.Ruin.Name,유적,Ruin
Structure.Ruin.Desc,오래전 무너진 문명의 흔적이 남아 있습니다.,Traces of a civilization that fell long ago.
Structure.Resource_Fruit.Name,과일,Fruit
Structure.Resource_Fruit.Desc,평지에 열매가 맺힌 과일나무입니다.,Fruit trees bearing fruit on the field.
Structure.Resource_Crop.Name,작물,Crop
Structure.Resource_Crop.Desc,평지에서 자라는 야생 작물입니다.,Wild crops growing on the field.
Structure.Resource_Animal.Name,사냥감,Wild Animal
Structure.Resource_Animal.Desc,숲에 사는 야생 동물입니다.,Wild animals living in the forest.
Structure.Resource_Metal.Name,광물,Metal
Structure.Resource_Metal.Desc,산에 묻혀 있는 채굴 가능한 광맥입니다.,A minable vein buried in the mountain.
Structure.Resource_Fish.Name,물고기,Fish
Structure.Resource_Fish.Desc,얕은 물에 모여 사는 물고기 떼입니다.,A school of fish living in shallow water.
Structure.Lighthouse.Name,등대,Lighthouse
Structure.Lighthouse.Desc,맵 모서리를 밝히는 등대입니다.,A lighthouse lighting up the corner of the map.
Structure.Starfish.Name,불가사리,Starfish
Structure.Starfish.Desc,바다에 사는 불가사리입니다.,A starfish living in the sea.
Structure.Resource_Food.Name,식량 자원,Food Resource
Structure.Resource_Food.Desc,식용 버섯이 자생하는 채집지입니다.,A foraging spot where edible mushrooms grow.
Structure.Resource_Ore.Name,광물 자원,Ore Resource
Structure.Resource_Ore.Desc,채굴할 수 있는 광석이 묻혀 있는 노두입니다.,An outcrop with minable ore.
# 화면 문구 — Common,,
UI.Common.Player,아군,Ally
UI.Common.Enemy,적,Enemy
UI.Common.Unit,유닛,Unit
UI.Common.AllyCapital,아군 수도,Ally Capital
UI.Common.EnemyCapital,적 수도,Enemy Capital
UI.Common.TribeCapital,{0} 수도,{0} Capital
# 화면 문구 — MapType,,
UI.MapType.Drylands,건조지대,Drylands
UI.MapType.Lakes,호수,Lakes
UI.MapType.Continents,대륙,Continents
UI.MapType.Pangea,판게아,Pangea
UI.MapType.Archipelago,군도,Archipelago
UI.MapType.Waterworld,물의 세계,Waterworld
# 화면 문구 — MapSize,,
UI.MapSize.Tiny,아주 작음,Tiny
UI.MapSize.Small,작음,Small
UI.MapSize.Normal,보통,Normal
UI.MapSize.Large,큼,Large
UI.MapSize.Huge,아주 큼,Huge
UI.MapSize.Massive,거대함,Massive
# 화면 문구 — Sandbox,,
UI.Sandbox.StartHint,CSV별 파일 선택으로 데이터를 바꾼 뒤 지형 생성과 전투 시작을 누르세요.,Choose a file for each CSV then generate terrain and start battle.
UI.Sandbox.MapTypeOption,{0} ({1}%),{0} ({1}%)
UI.Sandbox.WetnessLabel,{0} 물 {1}%,{0} water {1}%
UI.Sandbox.TribeInfoLine,{0} {1},{0} {1}
UI.Sandbox.TribeInfoEmpty,"종족을 고르면 시작 별/기술/유닛, 종족 바이옴, 수도 주변 시작 조건이 적용됩니다.","Picking a tribe applies its starting stars/tech/units, its biome and the start conditions around its capital."
UI.Sandbox.BiomeOnly,"고른 바이옴 '{0}'만으로 채웁니다. ""지형 생성""을 누르세요(1차 지형이 있으면 그 모양 그대로).","Fills the map with the picked biomes '{0}' only. Press ""Generate Terrain"" (keeps the current outline if there is one)."
UI.Sandbox.BiomeAuto,자동: 전체 바이옴(종족이 있으면 종족 바이옴)으로 채웁니다.,Auto: fills with all biomes (tribe biomes if tribes are picked).
UI.Sandbox.OutlineDone,"1차 지형: 물 {0}% (목표 {1}%, {2}), 수도 {3}, 사전 마을 {4}. ""지형 생성""으로 바이옴을 채우세요.","Outline: water {0}% (target {1}%, {2}), capitals {3}, planned villages {4}. Fill it with biomes via ""Generate Terrain""."
UI.Sandbox.UnitsLoaded,옛 형식 유닛 파일에서 {0}개 유닛을 불러왔습니다(팔레트만 바뀜).,Loaded {0} units from an old-format unit file (palette only).
UI.Sandbox.LoadFailed,불러오기 실패: {0},Load failed: {0}
UI.Sandbox.ExportFailed,내보내기 실패: {0},Export failed: {0}
UI.Sandbox.TechLoadNoRows,기술트리 불러오기 실패: 기술 행이 없습니다.,Tech tree load failed: no tech rows.
UI.Sandbox.TechLoaded,옛 형식 기술트리에서 기술 {0}개를 불러왔습니다.,Loaded {0} techs from an old-format tech tree file.
UI.Sandbox.Warnings,경고 {0}개(콘솔).,{0} warnings (console).
UI.Sandbox.TablesLoaded,표 {0}개를 {1}에서 읽었습니다(나머지는 기본 표).,Read {0} tables from {1} (the rest are defaults).
UI.Sandbox.TablesDefault,기본 표를 다시 읽었습니다.,Reloaded the default tables.
UI.Sandbox.TablesExported,표 {0}개를 {1}에 내보냈습니다.,Exported {0} tables to {1}.
UI.Sandbox.TechLoadLocked,잠긴 채 남는 해금 {0}개.,{0} unlocks stay locked.
UI.Sandbox.TechLoadFailed,기술트리 불러오기 실패: {0},Tech tree load failed: {0}
UI.Sandbox.BiomeLoadNoRows,바이옴 불러오기 실패: Biome 행이 없습니다.,Biome load failed: no Biome rows.
UI.Sandbox.BiomesLoaded,{0}개 바이옴을 불러왔습니다. 습도 탭의 바이옴 목록에서 하나를 골라 규칙을 확인할 수 있습니다.,Loaded {0} biomes. Pick one from the biome list in the wetness tab to check its rules.
UI.Sandbox.BiomeTribeWarnings,종족 바이옴 참조 경고 {0}개(콘솔).,{0} tribe biome reference warnings (console).
UI.Sandbox.BiomeLoadFailed,바이옴 불러오기 실패: {0},Biome load failed: {0}
UI.Sandbox.NoBiomes,"바이옴이 없습니다. ""바이옴 불러오기""로 바이옴 CSV를 불러오세요.","No biomes. Load a biome CSV with ""Load Biomes""."
UI.Sandbox.RegionTribes,종족 영역 {0},tribe regions {0}
UI.Sandbox.RegionSingle,고른 바이옴 '{0}',picked biomes '{0}'
UI.Sandbox.RegionCount,바이옴 {0}개,{0} biomes
UI.Sandbox.TerrainDone,"지형 생성: {0}, {1}x{2}, {3} 물 {4}% ({5}){6}, seed={7}.","Terrain: {0}, {1}x{2}, {3} water {4}% ({5}){6}, seed={7}."
UI.Sandbox.OutlineKept,1차 지형 유지,outline kept
UI.Sandbox.OutlineNew,새 1차 지형,new outline
UI.Sandbox.StartChanges,", 시작 조건 {0}칸",", start conditions {0} tiles"
UI.Sandbox.ClearUnitsFirst,맵 크기를 바꾸려면 먼저 배치된 유닛을 모두 치우세요.,Remove all placed units before changing the map size.
# 화면 문구 — Demo,,
UI.Demo.Defender,방패병,Defender
UI.Demo.Warrior,근접 전사,Warrior
UI.Demo.Archer,궁수,Archer
# 화면 문구 — City,,
UI.City.ScoreLine,점수 {0} · 적 {1},Score {0} · Enemy {1}
# 화면 문구 — Log,,
UI.Log.Move,{0} 이동,{0} moves
UI.Log.Attack,{0} 공격 → {1} ({2}),{0} attacks → {1} ({2})
UI.Log.Counter,{0} 반격 → {1} ({2}),{0} counters → {1} ({2})
UI.Log.Defend,{0} 방어 태세,{0} takes a defensive stance
UI.Log.Heal,{0} 치유 ({1}명),{0} heals ({1} units)
UI.Log.SelfDestruct,{0} 자폭,{0} self-destructs
UI.Log.WaitHeal,{0} 대기 (+{1}),{0} waits (+{1})
UI.Log.Wait,{0} 대기,{0} waits
UI.Log.Defeated,{0} 쓰러짐,{0} is defeated
UI.Log.Promote,{0} 베테랑 승급,{0} is promoted to veteran
UI.Log.Capture,{0} {1} 점령,{0} captures {1}
UI.Log.Research,{0} 연구: {1},{0} researched: {1}
UI.Log.Build,{0} 건설: {1},{0} built: {1}
UI.Log.Train,{0} 훈련: {1},{0} trained: {1}
UI.Log.LevelUpAt,{0} {1} 레벨 업 (Lv {2}),{0} {1} levels up (Lv {2})
UI.Log.LevelUp,{0} {1} 레벨 업,{0} {1} levels up
UI.Log.Reward,{0} 보상: {1},{0} reward: {1}
UI.Log.Explore,{0} 유적 탐험: {1},{0} explored a ruin: {1}
UI.Log.Disband,{0} 유닛 해산 ({1}),{0} disbanded a unit ({1})
UI.Log.Task,{0} 과업 달성: {1},{0} completed a task: {1}
UI.Log.Upgrade,{0} 배 업그레이드: {1},{0} upgraded a boat: {1}
UI.Log.StartUnit,{0} 수도에서 시작 유닛: {1},{0} starting unit at the capital: {1}
UI.Log.Other,{0} {1},{0} {1}
# 화면 문구 — CityMenu,,
UI.CityMenu.Title,{0} (Lv {1}),{0} (Lv {1})
UI.CityMenu.AllyCity,아군 도시,Ally city
UI.CityMenu.EnemyCity,적 도시,Enemy city
UI.CityMenu.Stats,{0} · 인구 {1}/{2} · 유닛 {3}/{4} · 별 +{5}/턴,{0} · Population {1}/{2} · Units {3}/{4} · Stars +{5}/turn
UI.CityMenu.Border,영토 반경 {0},Border radius {0}
UI.CityMenu.Capital,수도,Capital
UI.CityMenu.Connected,수도 연결,Connected
UI.CityMenu.Workshop,공방,Workshop
UI.CityMenu.Wall,성벽,City wall
UI.CityMenu.Parks,공원 {0},Parks {0}
UI.CityMenu.Tasks,과업: {0},Tasks: {0}
UI.CityMenu.Reward,Lv{0} 보상: {1},Lv{0} reward: {1}
UI.CityMenu.Train,{0} 훈련 (별 {1}),Train {0} ({1} stars)
UI.CityMenu.TrainDetail,체력 {0} · 공격 {1} · 이동 {2},HP {0} · Attack {1} · Move {2}
# 화면 문구 — TileMenu,,
UI.TileMenu.AllyTerritory,아군 영토,Ally territory
UI.TileMenu.EnemyTerritory,적 영토,Enemy territory
UI.TileMenu.Neutral,중립,Neutral
UI.TileMenu.Title,"{0} ({1}, {2})","{0} ({1}, {2})"
UI.TileMenu.Building,{0} (인구 {1}),{0} (population {1})
UI.TileMenu.Temple,Lv {0} ({1}점),Lv {0} ({1} pts)
UI.TileMenu.OptionCost,{0} (별 {1}),{0} ({1} stars)
# 화면 문구 — Tile,,
UI.Tile.Field,평지,Field
UI.Tile.Forest,숲,Forest
UI.Tile.Mountain,산,Mountain
UI.Tile.ShallowWater,얕은 물,Shallow water
UI.Tile.Ocean,깊은 바다,Ocean
# 화면 문구 — UnitMenu,,
UI.UnitMenu.Capture,점령,Capture
UI.UnitMenu.CaptureDetail,이 정착지를 우리 도시로 만든다(턴 종료).,Makes this settlement our city (ends the turn).
UI.UnitMenu.CaptureWait,이 칸에서 턴을 시작해야 점령할 수 있다.,You must start the turn on this tile to capture it.
UI.UnitMenu.Promote,"승급 (최대 체력 +{0}, 완전 회복)","Promote (max HP +{0}, full heal)"
UI.UnitMenu.PromoteDetail,베테랑이 된다(행동을 쓰지 않음).,Becomes a veteran (doesn't use the action).
UI.UnitMenu.Explore,유적 탐험,Explore ruin
UI.UnitMenu.ExploreDetail,별/기술/인구/유닛 중 하나(행동 소모).,One of stars/tech/population/unit (uses the action).
UI.UnitMenu.Starfish,불가사리 인양 (별 +{0}),Salvage starfish (stars +{0})
UI.UnitMenu.StarfishDetail,이 유닛의 턴을 쓴다.,Uses this unit's turn.
UI.UnitMenu.Upgrade,{0}(으)로 업그레이드 (별 {1}),Upgrade to {0} ({1} stars)
UI.UnitMenu.UpgradeDetail,공격 {0} · 방어 {1} · 이동 {2} · 사거리 {3},Attack {0} · Defense {1} · Move {2} · Range {3}
UI.UnitMenu.Disband,해산 (별 +{0}),Disband (stars +{0})
UI.UnitMenu.DisbandDetail,유닛을 없애고 훈련 비용 1/{Rule.Unit.DisbandRefundDivisor}을 돌려받는다.,Removes the unit and refunds 1/{Rule.Unit.DisbandRefundDivisor} of its training cost.
UI.UnitMenu.ManageCity,도시 관리,Manage city
UI.UnitMenu.Home,소속: {0},Home: {0}
UI.UnitMenu.NoHome,소속 도시 없음,No home city
UI.UnitMenu.Veteran,베테랑,Veteran
UI.UnitMenu.Kills,처치 {0}/{1},Kills {0}/{1}
# 화면 문구 — SandboxHud,,
UI.SandboxHud.Load,표 불러오기,Load Tables
UI.SandboxHud.Export,표 내보내기,Export Tables
UI.SandboxHud.Player,플레이어,Player
UI.SandboxHud.Enemy,적,Enemy
UI.SandboxHud.LoadBiomes,바이옴 불러오기,Load Biomes
UI.SandboxHud.Reload,다시 읽기,Reload
UI.SandboxHud.ResetTables,기본 표,Defaults
UI.SandboxHud.GenerateTerrain,지형 생성,Generate Terrain
UI.SandboxHud.MapSize,크기: {0} ({1}x{1}),Size: {0} ({1}x{1})
UI.SandboxHud.Wetness,습도 탭: {0},Wetness tab: {0}
UI.SandboxHud.TabTitle,습도 탭 — 맵 타입 · 1차 지형,Wetness tab — map type · outline
UI.SandboxHud.BiomeTabButton,바이옴 · 종족,Biomes · tribes
UI.SandboxHud.BiomeTabTitle,바이옴 · 종족 선택,Pick biomes · tribes
UI.SandboxHud.MapType,맵 타입,Map type
UI.SandboxHud.Water,물 비율,Water ratio
UI.SandboxHud.GenerateOutline,1차 지형 생성 (육지/물 아웃라인),Generate outline (land/water)
UI.SandboxHud.Biome,바이옴,Biome
UI.SandboxHud.PlayerTribe,종족(아군),Tribe (ally)
UI.SandboxHud.EnemyTribe,종족(적),Tribe (enemy)
UI.SandboxHud.BiomeAuto,자동 (전체 / 종족 바이옴),Auto (all / tribe biomes)
UI.SandboxHud.BiomeSelected,선택 {0}개: {1},{0} picked: {1}
UI.SandboxHud.BiomeClear,선택 지우기 (자동),Clear picks (auto)
UI.SandboxHud.BiomeOptionOn,[v] {0},[v] {0}
UI.SandboxHud.BiomeOptionOff,[ ] {0},[ ] {0}
UI.SandboxHud.NoTribe,종족 없음 (기본 규칙),No tribe (default rules)
UI.SandboxHud.PickBiomeCsv,불러올 바이옴 CSV 선택,Choose a biome CSV to load
UI.SandboxHud.PickTableCsv,표 폴더의 CSV 하나 선택 (옛 유닛·기술트리 파일도 가능),Choose any CSV in a table folder (old unit/tech tree files work too)
UI.SandboxHud.PickExportFolder,표를 내보낼 폴더 선택,Choose a folder to export the tables to
UI.SandboxHud.PaletteRow,{0} (HP{1}/{2}),{0} (HP{1}/{2})
UI.SandboxHud.StartBattle,전투 시작,Start Battle
# 화면 문구 — TechTree,,
UI.TechTree.Toggle,기술트리,Tech Tree
UI.TechTree.Select,기술을 선택하세요.,Select a tech.
UI.TechTree.Unlock,해금,Unlock
UI.TechTree.UnlockCost,해금 ({0}),Unlock ({0})
UI.TechTree.Title,{0} ({1}티어),{0} (Tier {1})
UI.TechTree.Unlocked,해금 완료,Unlocked
UI.TechTree.NeedsParentOf,선행 기술 필요: {0},Requires: {0}
UI.TechTree.NeedsParent,선행 기술 필요,Requires the previous tech
UI.TechTree.NotEnoughStars,별 부족 ({0}/{1}),Not enough stars ({0}/{1})
UI.TechTree.Available,해금 가능,Available
# 화면 문구 — CityResource,,
UI.CityResource.StarsIcon,별,★
# 화면 문구 — Battle,,
UI.Battle.EndTurnTooltip,턴 종료: 현재 팀의 턴을 마칩니다.,End turn: finishes the current team's turn.
UI.Battle.DeselectTooltip,선택 해제: 유닛 선택을 취소합니다.,Deselect: cancels the unit selection.
UI.Battle.Restart,다시 시작,Restart
UI.Battle.Victory,승리!,Victory!
UI.Battle.Defeat,패배...,Defeat...
UI.Battle.LanguageTooltip,언어 바꾸기(화면을 다시 엽니다),Change language (reloads the screen)
# Action,,
Action.Defend.Tooltip,방어 태세: 받는 피해를 줄입니다. (방어력 +{Rule.Combat.GuardDefenseBonus}),Defend: take less damage. (defense +{Rule.Combat.GuardDefenseBonus})
Action.Heal.Tooltip,치유: 사거리 내의 모든 아군 유닛(자신 제외)의 체력을 회복시킵니다.,Heal: restores HP to every allied unit in range (not itself).
Action.SelfDestruct.Tooltip,자폭: 스스로를 희생해 인접한 모든 적에게 남은 체력만큼 피해를 입힙니다.,Self-destruct: sacrifices itself to deal its remaining HP as damage to every adjacent enemy.
Action.Wait.Tooltip,대기: 이번 턴 행동을 종료하고 체력을 {Rule.Heal.Other}(자기 영토 {Rule.Heal.OwnTerritory}) 회복합니다.,Wait: ends this unit's turn and restores {Rule.Heal.Other} HP ({Rule.Heal.OwnTerritory} in your territory).
Action.Counter.Tooltip,반격(패시브): 공격을 받으면 자동으로 공격한 대상에게 피해를 되돌려줍니다.,Counter (passive): automatically strikes back at attackers.
Action.Charge.Tooltip,돌격(패시브): 이번 턴 이동한 뒤에도 공격할 수 있습니다.,Dash (passive): can attack after moving this turn.
Action.Retreat.Tooltip,대피(패시브): 이번 턴 공격한 뒤에도 이동할 수 있습니다.,Escape (passive): can move after attacking this turn.
Action.Ambush.Tooltip,기습(패시브): 공격 시 대상의 반격을 발동시키지 않습니다.,Surprise (passive): attacks don't trigger counterattacks.
Action.Infiltrate.Tooltip,잠입(패시브): 적 유닛에 의한 이동 방해 페널티가 없습니다.,Creep (passive): ignores movement blocking by enemy units.
Action.Herd.Tooltip,"무리(패시브): 인접한 아군에게 가속을 부여합니다(이동력 +1, 피격 시 해제).","Herd (passive): speeds up adjacent allies (move +1, lost when hit)."
Action.Convert.Tooltip,전향(패시브): 공격한 적 유닛을 아군으로 전환합니다.,Convert (passive): turns attacked enemy units into allies.
Action.Combo.Tooltip,연타(패시브): 적을 처치하면 같은 턴에 추가로 공격할 수 있습니다.,Persist (passive): can attack again in the same turn after a kill.
Action.Scout.Tooltip,정찰(패시브): 시야 반경 {Rule.Vision.ExtendedSightRadius}.,Scout (passive): sight radius {Rule.Vision.ExtendedSightRadius}.
Action.Splash.Tooltip,스플래시(패시브): 공격한 대상에 인접한 적 유닛들에게도 광역 피해를 입힙니다.,Splash (passive): also damages enemy units adjacent to the target.
Action.Stiff.Tooltip,뻣뻣함(패시브): 공격받으면 반격을 갖고 있어도 발동시키지 않습니다.,"Stiff (passive): never counterattacks, even with Counter."
Action.Freeze.Tooltip,빙결(패시브): 공격 시 대상을 다음 턴 동안 행동불능으로 만듭니다.,Freeze (passive): attacked targets can't act next turn.
# 화면 문구 — City,,
UI.City.Default,도시 {0},City {0}
# 화면 문구 — Reason,,
UI.Reason.NotOurCity,우리 도시가 아님,Not our city
UI.Reason.NotTrainable,훈련 불가(보상/침투 전용),Can't be trained (rewards/infiltration only)
UI.Reason.NeedsTech,기술 필요,Requires tech
UI.Reason.CityTileOccupied,도시 칸이 비어있지 않음,The city tile is occupied
UI.Reason.UnitCapacity,유닛 수용량 ({0}/{1}),Unit capacity ({0}/{1})
UI.Reason.NotEnoughStars,별 부족 ({0}/{1}),Not enough stars ({0}/{1})
UI.Reason.NoUnit,유닛 없음,No unit
UI.Reason.RaftOnly,뗏목만 업그레이드,Only rafts can be upgraded
UI.Reason.OwnTerritoryOnly,자기 영토 안에서만,Only in your own territory
UI.Reason.UnknownBoat,알 수 없는 배,Unknown boat
UI.Reason.OnePerCity,도시당 1개,One per city
UI.Reason.NeedsAdjacent,인접 조건: {0},Needs adjacent: {0}
# 화면 문구 — Event,,
UI.Event.Starfish,불가사리 인양 (별 +{0}),Salvaged a starfish (stars +{0})
UI.Event.RuinTech,기술 {0},Tech {0}
UI.Event.RuinPopulation,인구 +{0} ({1}),Population +{0} ({1})
UI.Event.RuinExplorer,탐험가,Explorer
UI.Event.RuinUnit,유닛,Unit
UI.Event.RuinVeteranRammer,베테랑 충각선,Veteran Rammer
UI.Event.RuinNewFriend,새 친구(베테랑),New friend (veteran)
UI.Event.Stars,별 +{0},Stars +{0}
UI.Event.TaskDone,{0} ({1} 건설 가능),{0} ({1} can be built)
UI.Event.Infiltration,"{0} 침투 — {1} {2}기, 별 +{3}","{0} infiltrated — {2} {1}, stars +{3}"
UI.Event.Lighthouse,등대 발견,Found a lighthouse
# 화면 문구 — Task,,
UI.Task.Built,완료(건설함),Done (built)
UI.Task.Achieved,달성,Achieved
UI.Task.Turns,{0}/{1}턴,{0}/{1} turns
# 화면 문구 — Tribe,,
UI.Tribe.NoTech,기술 없음,No tech
UI.Tribe.Stars,별 {0},{0} stars
# 화면 문구 — FileDialog,,
UI.FileDialog.Open,파일 열기,Open File
UI.FileDialog.Save,파일 저장,Save File
Unit.juggernaut.Name,거대 전함,Juggernaut
Building.Embassy.Name,대사관,Embassy
Building.Embassy.Desc,"상대의 원래 수도에 건설. 양쪽에 별 +{Rule.Diplomacy.EmbassyIncome}/턴, 평화 조약 시 수입 ×{Rule.Diplomacy.PeaceTreatyIncomeMultiplier}. 공격 시 양쪽 대사관 철거.","Build in another tribe’s original capital. Both tribes gain {Rule.Diplomacy.EmbassyIncome} stars per turn, multiplied by {Rule.Diplomacy.PeaceTreatyIncomeMultiplier} under a peace treaty. Attacking destroys both embassies."
UI.CityMenu.Embassy,대사관: {0},Embassy: {0}
Action.Stomp.Name,짓밟기,Stomp
Action.Stomp.Tooltip,이동·승선·하선 시 주변 적에게 광역 피해.,"Deals splash damage to adjacent enemies when moving, embarking or disembarking."
