Id,Branch,Parent,Tier,Slot,Icon,CostBase,CostPerCity,Unlock1,Unlock2,Unlock3,Unlock4
Climbing,Climbing,,1,0,mountaineering,4,1,Move.Mountain,Defense.Mountain,Reveal.Resource_Metal,
Meditation,Climbing,Climbing,2,0,meditation,4,2,Build.MountainTemple,Task.Pacifist,,
Mining,Climbing,Climbing,2,1,mining,4,2,Build.Mine,,,
Philosophy,Climbing,Meditation,3,0,philosophy,4,3,Literacy,Unit.cleric,Task.Genius,
Smithery,Climbing,Mining,3,1,smithing,4,3,Build.Forge,Unit.gladiator,,
Organization,Organization,,1,0,gathering,4,1,Harvest.Fruit,Reveal.Resource_Crop,,
Strategy,Organization,Organization,2,0,shields,4,2,Unit.shield,,,
Farming,Organization,Organization,2,1,farming,4,2,Build.Farm,,,
Diplomacy,Organization,Strategy,3,0,diplomacy,4,3,Unit.spy,Vision.Capital,,
Construction,Organization,Farming,3,1,construction,4,3,Build.Windmill,Ability.BurnForest,,
Riding,Riding,,1,0,riding,4,1,Unit.cavalry,,,
FreeSpirit,Riding,Riding,2,0,freespirit,4,2,Build.Temple,Ability.Disband,,
Roads,Riding,Riding,2,1,roads,4,2,Build.Road,Task.Network,Build.Bridge,
Chivalry,Riding,FreeSpirit,3,0,chivalry,4,3,Unit.knight,Ability.Destroy,,
Trade,Riding,Roads,3,1,trade,4,3,Build.Market,Task.Wealth,,
Hunting,Hunting,,1,0,hunting,4,1,Harvest.Animal,Reveal.Resource_Animal,,
Forestry,Hunting,Hunting,2,0,forestry,4,2,Build.LumberHut,Ability.ClearForest,,
Archery,Hunting,Hunting,2,1,archery,4,2,Unit.archer,Defense.Forest,,
Mathematics,Hunting,Forestry,3,0,mathematics,4,3,Build.Sawmill,Unit.catapult,,
Spiritualism,Hunting,Archery,3,1,spiritualism,4,3,Build.ForestTemple,Ability.GrowForest,,
Fishing,Fishing,,1,0,fishing,4,1,Build.Port,Harvest.Fish,Reveal.Resource_Fish,
Ramming,Fishing,Fishing,2,0,ramming,4,2,Unit.rammer,,,
Sailing,Fishing,Fishing,2,1,sailing,4,2,Move.Ocean,Unit.scout,,
Aquatism,Fishing,Ramming,3,0,aquatics,4,3,Build.WaterTemple,Defense.Water,,
Navigation,Fishing,Sailing,3,1,navigation,4,3,Unit.bomber,Harvest.Starfish,Reveal.Starfish,Connect.Ocean
