Model,Shape,X,Y,Z,SX,SY,SZ,RX,RY,RZ,Color,MinLevel,MaxLevel,Note
# 유닛 — 위키 List of Units 도판: 큐브 머리 + 상자 몸(부족/팀 색 옷) + 짧은 다리, 유닛마다 무기/모자/탈것. 발밑 원점, 정면 -Z,,,,,,,,,,,,,,
# 보병(전사) — 곤봉/칼 + 간단한 투구,,,,,,,,,,,,,,
Unit.infantry,Box,-0.08,0,0,0.11,0.26,0.13,,,,Pants,,,몸
,Box,0.08,0,0,0.11,0.26,0.13,,,,Pants,,,
,Box,0,0.26,0,0.36,0.34,0.24,,,,Team,,,
,Box,0,0.26,0,0.37,0.05,0.25,,,,WoodDark,,,
,Box,-0.23,0.34,0,0.09,0.24,0.11,,,,Team,,,
,Box,0.23,0.34,0,0.09,0.24,0.11,,,,Team,,,
,Box,-0.23,0.28,0,0.08,0.07,0.09,,,,Skin,,,
,Box,0.23,0.28,0,0.08,0.07,0.09,,,,Skin,,,
,Box,0,0.6,0,0.3,0.3,0.28,,,,Skin,,,머리
,Box,-0.07,0.72,-0.141,0.05,0.06,0.01,,,,Window,,,
,Box,0.07,0.72,-0.141,0.05,0.06,0.01,,,,Window,,,
,Box,0,0.88,0,0.32,0.08,0.3,,,,Metal,,,투구
,Box,0.3,0.3,-0.1,0.05,0.38,0.04,-20,,,Metal,,,칼
,Box,0.3,0.3,-0.1,0.12,0.03,0.05,-20,,,WoodDark,,,
# 방패병(방어병) — 큰 방패 + 볏 투구,,,,,,,,,,,,,,
Unit.shield,Box,-0.08,0,0,0.11,0.26,0.13,,,,Pants,,,몸
,Box,0.08,0,0,0.11,0.26,0.13,,,,Pants,,,
,Box,0,0.26,0,0.36,0.34,0.24,,,,Team,,,
,Box,0,0.26,0,0.37,0.05,0.25,,,,WoodDark,,,
,Box,-0.23,0.34,0,0.09,0.24,0.11,,,,Team,,,
,Box,0.23,0.34,0,0.09,0.24,0.11,,,,Team,,,
,Box,-0.23,0.28,0,0.08,0.07,0.09,,,,Skin,,,
,Box,0.23,0.28,0,0.08,0.07,0.09,,,,Skin,,,
,Box,0,0.6,0,0.3,0.3,0.28,,,,Skin,,,머리
,Box,-0.07,0.72,-0.141,0.05,0.06,0.01,,,,Window,,,
,Box,0.07,0.72,-0.141,0.05,0.06,0.01,,,,Window,,,
,Box,0,0.88,0,0.32,0.1,0.3,,,,Metal,,,투구
,Box,0,0.98,0.02,0.04,0.08,0.2,,,,Roof,,,볏
,Box,-0.3,0.12,-0.1,0.06,0.52,0.42,,,,Wood,,,방패
,Box,-0.335,0.28,-0.1,0.02,0.2,0.2,,,,Team,,,방패 문양
# 검투사(검사) — 긴 칼 + 뾰족 투구,,,,,,,,,,,,,,
Unit.gladiator,Box,-0.08,0,0,0.11,0.26,0.13,,,,Pants,,,몸
,Box,0.08,0,0,0.11,0.26,0.13,,,,Pants,,,
,Box,0,0.26,0,0.36,0.34,0.24,,,,Team,,,
,Box,0,0.26,0,0.37,0.05,0.25,,,,WoodDark,,,
,Box,-0.23,0.34,0,0.09,0.24,0.11,,,,Team,,,
,Box,0.23,0.34,0,0.09,0.24,0.11,,,,Team,,,
,Box,-0.23,0.28,0,0.08,0.07,0.09,,,,Skin,,,
,Box,0.23,0.28,0,0.08,0.07,0.09,,,,Skin,,,
,Box,0,0.6,0,0.3,0.3,0.28,,,,Skin,,,머리
,Box,-0.07,0.72,-0.141,0.05,0.06,0.01,,,,Window,,,
,Box,0.07,0.72,-0.141,0.05,0.06,0.01,,,,Window,,,
,Box,0,0.88,0,0.32,0.1,0.3,,,,Metal,,,투구
,Pyramid,0,0.98,0,0.18,0.14,,,,,Metal,,,
,Box,0.3,0.26,-0.14,0.06,0.55,0.04,-15,,,Metal,,,긴 칼
,Box,0.3,0.3,-0.12,0.16,0.04,0.06,-15,,,Gold,,,
# 기병 — 탈것 위의 기수 + 깃창,,,,,,,,,,,,,,
Unit.cavalry,Box,0,0.24,0.02,0.3,0.28,0.68,,,,Horse,,,탈것
,Box,-0.1,0,-0.22,0.08,0.26,0.08,,,,Horse,,,
,Box,-0.1,0,0.26,0.08,0.26,0.08,,,,Horse,,,
,Box,0.1,0,-0.22,0.08,0.26,0.08,,,,Horse,,,
,Box,0.1,0,0.26,0.08,0.26,0.08,,,,Horse,,,
,Box,0,0.4,-0.34,0.17,0.28,0.17,-25,,,Horse,,,목
,Box,0,0.62,-0.47,0.15,0.14,0.24,,,,Horse,,,머리
,Box,0,0.62,-0.36,0.04,0.1,0.04,,,,WoodDark,,,귀
,Box,0,0.5,0.06,0.32,0.04,0.32,,,,Team,,,안장 천
,Box,0,0.46,0,0.36,0.34,0.24,,,,Team,,,기수
,Box,0,0.46,0,0.37,0.05,0.25,,,,WoodDark,,,
,Box,-0.23,0.54,0,0.09,0.24,0.11,,,,Team,,,
,Box,0.23,0.54,0,0.09,0.24,0.11,,,,Team,,,
,Box,-0.23,0.48,0,0.08,0.07,0.09,,,,Skin,,,
,Box,0.23,0.48,0,0.08,0.07,0.09,,,,Skin,,,
,Box,0,0.8,0,0.3,0.3,0.28,,,,Skin,,,머리
,Box,-0.07,0.92,-0.141,0.05,0.06,0.01,,,,Window,,,
,Box,0.07,0.92,-0.141,0.05,0.06,0.01,,,,Window,,,
,Box,0,1.08,0,0.32,0.08,0.3,,,,Metal,,,
,Cylinder,0.28,0.66,-0.05,0.035,0.7,,,,,Wood,,,창
,Box,0.33,1.21,-0.05,0.1,0.08,0.01,,,,Team,,,깃발
# 기사 — 갑옷 기수 + 긴 창(랜스) + 방패, 갑옷 입힌 탈것,,,,,,,,,,,,,,
Unit.knight,Box,0,0.24,0.02,0.3,0.28,0.68,,,,HorseDark,,,탈것
,Box,-0.1,0,-0.22,0.08,0.26,0.08,,,,HorseDark,,,
,Box,-0.1,0,0.26,0.08,0.26,0.08,,,,HorseDark,,,
,Box,0.1,0,-0.22,0.08,0.26,0.08,,,,HorseDark,,,
,Box,0.1,0,0.26,0.08,0.26,0.08,,,,HorseDark,,,
,Box,0,0.4,-0.34,0.17,0.28,0.17,-25,,,HorseDark,,,목
,Box,0,0.62,-0.47,0.15,0.14,0.24,,,,HorseDark,,,머리
,Box,0,0.62,-0.36,0.04,0.1,0.04,,,,WoodDark,,,귀
,Box,0,0.5,0.06,0.32,0.04,0.32,,,,Team,,,안장 천
,Box,0,0.3,0.02,0.32,0.16,0.7,,,,Metal,,,말 갑옷
,Box,0,0.46,0,0.36,0.34,0.24,,,,Metal,,,기수
,Box,0,0.46,0,0.37,0.05,0.25,,,,WoodDark,,,
,Box,-0.23,0.54,0,0.09,0.24,0.11,,,,Metal,,,
,Box,0.23,0.54,0,0.09,0.24,0.11,,,,Metal,,,
,Box,-0.23,0.48,0,0.08,0.07,0.09,,,,Skin,,,
,Box,0.23,0.48,0,0.08,0.07,0.09,,,,Skin,,,
,Box,0,0.8,0,0.3,0.3,0.28,,,,Skin,,,머리
,Box,-0.07,0.92,-0.141,0.05,0.06,0.01,,,,Window,,,
,Box,0.07,0.92,-0.141,0.05,0.06,0.01,,,,Window,,,
,Box,0,0.52,-0.125,0.2,0.2,0.01,,,,Team,,,가슴 문장
,Box,0,1.06,0,0.33,0.14,0.31,,,,Metal,,,투구
,Cylinder,0.26,0.72,-0.08,0.05,0.9,,-80,,,Wood,,,랜스
,Cone,0.26,0.87,-0.96,0.07,0.2,,-80,,,Metal,,,
,Box,-0.28,0.6,-0.05,0.05,0.3,0.26,,,,Team,,,방패
# 궁병 — 활 + 깃털 모자,,,,,,,,,,,,,,
Unit.archer,Box,-0.08,0,0,0.11,0.26,0.13,,,,Pants,,,몸
,Box,0.08,0,0,0.11,0.26,0.13,,,,Pants,,,
,Box,0,0.26,0,0.36,0.34,0.24,,,,Team,,,
,Box,0,0.26,0,0.37,0.05,0.25,,,,WoodDark,,,
,Box,-0.23,0.34,0,0.09,0.24,0.11,,,,Team,,,
,Box,0.23,0.34,0,0.09,0.24,0.11,,,,Team,,,
,Box,-0.23,0.28,0,0.08,0.07,0.09,,,,Skin,,,
,Box,0.23,0.28,0,0.08,0.07,0.09,,,,Skin,,,
,Box,0,0.6,0,0.3,0.3,0.28,,,,Skin,,,머리
,Box,-0.07,0.72,-0.141,0.05,0.06,0.01,,,,Window,,,
,Box,0.07,0.72,-0.141,0.05,0.06,0.01,,,,Window,,,
,Pyramid,0,0.88,0,0.34,0.14,0.32,,,,Leaf,,,모자
,Box,0.1,0.94,0.06,0.02,0.14,0.05,,,-30,Roof,,,깃털
,Box,-0.32,0.3,-0.1,0.03,0.3,0.04,20,,,Wood,,,활
,Box,-0.32,0.55,-0.16,0.03,0.26,0.04,-20,,,Wood,,,
,Box,-0.3,0.3,-0.06,0.01,0.55,0.01,,,,White,,,시위
# 투석기 — 위키: 사람 없이 바퀴 달린 목제 기계,,,,,,,,,,,,,,
Unit.catapult,Box,0,0.1,0,0.4,0.1,0.62,,,,Wood,,,틀
,Cylinder,-0.26,0.1,-0.2,0.2,0.06,,,,90,WoodDark,,,바퀴
,Cylinder,-0.26,0.1,0.2,0.2,0.06,,,,90,WoodDark,,,
,Cylinder,0.26,0.1,-0.2,0.2,0.06,,,,90,WoodDark,,,
,Cylinder,0.26,0.1,0.2,0.2,0.06,,,,90,WoodDark,,,
,Box,-0.14,0.2,0.1,0.06,0.3,0.06,,,,Wood,,,기둥
,Box,0.14,0.2,0.1,0.06,0.3,0.06,,,,Wood,,,
,Box,0,0.46,0.1,0.34,0.05,0.05,,,,WoodDark,,,
,Box,0,0.2,0.2,0.06,0.62,0.06,-50,,,Wood,,,팔
,Box,0,0.62,-0.25,0.16,0.08,0.16,,,,WoodDark,,,바구니
,Sphere,0,0.66,-0.25,0.12,0.12,,,,,StoneDark,,,돌
,Box,0,0.14,0.3,0.34,0.08,0.04,,,,Team,,,팀 천
# 사제(마인드 벤더) — 긴 로브 + 빛나는 지팡이,,,,,,,,,,,,,,
Unit.cleric,Frustum,0,0,0,0.44,0.62,0.34,,,,Team,,,로브
,Box,0,0.62,0,0.3,0.3,0.28,,,,Skin,,,머리
,Box,-0.07,0.74,-0.141,0.05,0.06,0.01,,,,Window,,,
,Box,0.07,0.74,-0.141,0.05,0.06,0.01,,,,Window,,,
,Cylinder,0,0.92,0,0.28,0.06,,,,,White,,,두건 띠
,Cylinder,0.3,0,-0.06,0.035,0.95,,,,,Wood,,,지팡이
,Sphere,0.3,0.92,-0.06,0.13,0.13,,,,,Glow,,,빛
# 스파이(망토) — 두건 달린 망토로 몸 전체를 덮은 모습,,,,,,,,,,,,,,
Unit.spy,Frustum,0,0,0,0.42,0.66,0.34,,,,Team,,,망토
,Box,0,0.62,0,0.3,0.3,0.28,,,,TeamShade,,,두건
,Pyramid,0,0.92,0.02,0.3,0.14,0.28,,,,TeamShade,,,
,Box,0,0.7,-0.141,0.2,0.08,0.01,,,,Window,,,눈 틈
,Box,-0.06,0.72,-0.146,0.04,0.03,0.01,,,,White,,,
,Box,0.06,0.72,-0.146,0.04,0.03,0.01,,,,White,,,
# 거인 — 위키: 체력 40 슈퍼 유닛. 보통 유닛의 1.6배 크기 + 큰 곤봉,,,,,,,,,,,,,,
Unit.giant,Box,-0.128,0,0,0.176,0.416,0.208,,,,Pants,,,몸
,Box,0.128,0,0,0.176,0.416,0.208,,,,Pants,,,
,Box,0,0.416,0,0.576,0.544,0.384,,,,Team,,,
,Box,0,0.416,0,0.592,0.08,0.4,,,,WoodDark,,,
,Box,-0.368,0.544,0,0.144,0.384,0.176,,,,Team,,,
,Box,0.368,0.544,0,0.144,0.384,0.176,,,,Team,,,
,Box,-0.368,0.448,0,0.128,0.112,0.144,,,,Skin,,,
,Box,0.368,0.448,0,0.128,0.112,0.144,,,,Skin,,,
,Box,0,0.96,0,0.48,0.48,0.448,,,,Skin,,,머리
,Box,-0.112,1.152,-0.226,0.08,0.096,0.01,,,,Window,,,
,Box,0.112,1.152,-0.226,0.08,0.096,0.01,,,,Window,,,
,Cylinder,0.5,0.2,-0.12,0.14,0.8,,-25,,,Wood,,,곤봉
,Sphere,0.5,0.86,-0.42,0.24,0.24,,,,,Wood,,,
# 배 — 위키: 뗏목(통나무 + 작은 돛) / 정찰선(돛단배) / 충각선(붉은 배 + 뱃머리 충각) / 폭격선(큰 배 + 박격포). 유닛이 갑판 위에 선다,,,,,,,,,,,,,,
Boat.raft,Cylinder,-0.18,0.02,-0.35,0.12,0.7,,90,,,Wood,,,통나무(RX=90이면 +Z로 뻗으므로 -0.35에서 시작)
,Cylinder,-0.06,0.02,-0.35,0.12,0.7,,90,,,Wood,,,
,Cylinder,0.06,0.02,-0.35,0.12,0.7,,90,,,Wood,,,
,Cylinder,0.18,0.02,-0.35,0.12,0.7,,90,,,Wood,,,
,Box,0,0.14,-0.36,0.5,0.03,0.08,,,,WoodDark,,,
,Box,0,0.14,0.3,0.5,0.03,0.08,,,,WoodDark,,,
,Box,0.26,0.14,0.2,0.025,0.7,0.025,,,,WoodDark,,,돛대
,Box,0.26,0.4,0.16,0.012,0.36,0.26,,,,White,,,돛
Boat.scout,Frustum,0,0.12,0,0.56,0.2,0.9,180,,,Wood,,,선체(뒤집은 절두체 — 갑판에서 아래로 좁아지며 수면 위로 드러난다)
,Box,0,0.12,0,0.5,0.03,0.8,,,,Plank,,,갑판
,Pyramid,0,0.03,-0.45,0.36,0.2,0.18,-90,,,Wood,,,뱃머리
,Box,0,0.14,0.2,0.03,0.9,0.03,,,,WoodDark,,,돛대
,Box,0,0.34,0.26,0.5,0.5,0.012,,,,White,,,돛
,Box,0,1,0.2,0.012,0.1,0.16,,,,Team,,,깃발
Boat.rammer,Frustum,0,0.12,0,0.58,0.2,0.9,180,,,RoofDark,,,붉은 선체
,Box,0,0.12,0,0.52,0.04,0.8,,,,WoodDark,,,갑판
,Pyramid,0,0.04,-0.46,0.18,0.32,0.16,-90,,,Metal,,,충각
,Box,-0.28,0.14,0,0.03,0.12,0.8,,,,Team,,,뱃전 띠
,Box,0.28,0.14,0,0.03,0.12,0.8,,,,Team,,,
Boat.bomber,Frustum,0,0.12,0,0.7,0.22,1,180,,,WoodDark,,,큰 선체
,Box,0,0.12,0,0.62,0.04,0.9,,,,Plank,,,갑판
,Cylinder,0,0.16,0.26,0.28,0.14,,,,,Metal,,,박격포 받침
,Cylinder,0,0.24,0.3,0.18,0.26,,-25,,,StoneDark,,,박격포
,Box,0,0.14,-0.42,0.3,0.2,0.08,,,,Team,,,뱃머리 깃
