Index,Kind,Category,Target,Name,Description
0,Passive,Move,Mountain,산 이동,산 타일 진입/이동 가능
1,Passive,Defense,Mountain,산 방어,산 타일 유닛 방어력 보너스
2,Passive,Reveal,Resource_Metal,광맥 발견,숨겨진 광물 자원이 보인다
3,BuildingConstruction,Build,MountainTemple,산악 신전,산악 신전 건설(골드 20)
4,Quest,Task,Pacifist,평화주의 과업,5턴 비공격 → 평화의 제단
5,BuildingConstruction,Build,Mine,광산,광산 건설(골드 5 / 광물 위 / 인구 +2)
6,Passive,Literacy,,문해력,모든 기술 개발 비용 1/3 감소
7,UnitProduction,Unit,cleric,현자 훈련,현자(사제) 유닛 훈련
8,Quest,Task,Genius,천재 과업,기술 전부 → 지혜의 탑
9,BuildingConstruction,Build,Forge,대장간,대장간 건설(인접 광산당 인구 +2)
10,UnitProduction,Unit,gladiator,검사 훈련,검사(검투사) 유닛 훈련
11,Active,Harvest,Fruit,과일 채집,과일 채집(골드 2 / 인구 +1)
12,Passive,Reveal,Resource_Crop,농작물 발견,숨겨진 농작물 자원이 보인다
13,UnitProduction,Unit,shield,방패병 훈련,방패병 유닛 훈련
14,BuildingConstruction,Build,Farm,농장,농장 건설(골드 5 / 작물 위 / 인구 +2)
15,UnitProduction,Unit,spy,망토 훈련,망토(스파이) 유닛 훈련
16,Passive,Vision,Capital,수도 시야,적 수도 칸이 항상 보인다
17,BuildingConstruction,Build,Windmill,풍차,풍차 건설(인접 농장당 인구 +1)
18,Active,Ability,BurnForest,화전,자기 숲을 작물 평지로(골드 3)
19,UnitProduction,Unit,cavalry,기마병 훈련,기마병 유닛 훈련
20,BuildingConstruction,Build,Temple,신전,신전 건설(골드 20)
21,Active,Ability,Disband,해산,자기 유닛 해산(비용 절반 환급)
22,BuildingConstruction,Build,Road,도로,도로(골드 3)/다리(골드 5) 건설
23,Quest,Task,Network,교역망 과업,연결 도시 5 → 대시장
24,UnitProduction,Unit,knight,기사 훈련,기사 유닛 훈련
25,Active,Ability,Destroy,파괴,자기 건물 파괴
26,BuildingConstruction,Build,Market,시장,시장 건설(인접 가공 건물 레벨만큼 골드/턴)
27,Quest,Task,Wealth,부 과업,골드 100 보유 → 황제의 무덤
28,Active,Harvest,Animal,사냥,동물 사냥(골드 2 / 인구 +1)
29,Passive,Reveal,Resource_Animal,동물 발견,숨겨진 동물 자원이 보인다
30,BuildingConstruction,Build,LumberHut,벌목장,벌목장 건설(골드 3 / 인구 +1)
31,Active,Ability,ClearForest,벌목,자기 숲 벌목(골드 +1)
32,UnitProduction,Unit,archer,궁수 훈련,궁수 유닛 훈련
33,Passive,Defense,Forest,숲 방어,숲 타일 유닛 방어력 보너스
34,BuildingConstruction,Build,Sawmill,제재소,제재소 건설(인접 벌목장당 인구 +1)
35,UnitProduction,Unit,catapult,투석기 훈련,투석기 유닛 훈련
36,BuildingConstruction,Build,ForestTemple,숲 신전,숲 신전 건설(골드 15)
37,Active,Ability,GrowForest,숲 조성,자기 평지에 숲 생성(골드 5)
38,BuildingConstruction,Build,Port,항구,항구 건설(골드 7 / 인구 +1 / 해로 연결)
39,Active,Harvest,Fish,낚시,물고기 낚시
40,Passive,Reveal,Resource_Fish,물고기 발견,숨겨진 물고기 자원이 보인다
41,UnitProduction,Unit,rammer,충각선,뗏목 → 충각선 업그레이드(골드 5)
42,Passive,Move,Ocean,원양 이동,원양 타일 진입/이동 가능
43,UnitProduction,Unit,scout,정찰선,뗏목 → 정찰선 업그레이드(골드 5)
44,BuildingConstruction,Build,WaterTemple,해양 신전,해양 신전 건설(골드 20)
45,Passive,Defense,Water,물 방어,근해/원양 타일 유닛 방어력 보너스
46,UnitProduction,Unit,bomber,폭격선,뗏목 → 폭격선 업그레이드(골드 15)
47,Active,Harvest,Starfish,불가사리 인양,불가사리 인양(골드 +8)
48,Passive,Reveal,Starfish,불가사리 발견,숨겨진 불가사리가 보인다
49,Passive,Connect,Ocean,원양 항로,깊은 바다를 건너는 항구 연결
