Index,Id,Name,Icon,CostBase,CostPerCity,Unlock1,Unlock2,Unlock3,Unlock4,Description
0,Climbing,등반,mountaineering,4,1,0,1,2,,산 타일 진입/이동 가능. 숨겨진 광맥 발견. 산 타일 유닛 방어력 +1.
1,Meditation,명상,meditation,4,2,3,4,,,산악 신전 건설 가능(별 20). 평화주의 과업(5턴 비공격 → 평화의 제단) 개방.
2,Mining,채광,mining,4,2,5,,,,광산 건설 가능(별 5 / 광물 위 / 인구 +2).
3,Philosophy,철학,philosophy,4,3,6,7,8,,모든 기술 개발 비용 33% 감소. 현자(사제) 훈련 가능. 천재 과업(기술 전부 → 지혜의 탑) 개방.
4,Smithery,제련,smithing,4,3,9,10,,,대장간 건설 가능(인접 광산당 인구 +2). 검사(검투사) 훈련 가능.
5,Organization,조직,gathering,4,1,11,12,,,과일 채집 가능(별 2 / 인구 +1). 숨겨진 농작물 발견.
6,Strategy,전략,shields,4,2,13,,,,방패병 훈련 가능. (평화 조약은 외교 시스템이 없어 제외)
7,Farming,농사,farming,4,2,14,,,,농장 건설 가능(별 5 / 작물 위 / 인구 +2).
8,Diplomacy,외교,diplomacy,4,3,15,16,,,망토(스파이) 훈련 가능. 수도 시야(적 수도 칸이 항상 보임). (대사관은 외교 시스템이 없어 제외)
9,Construction,건축,construction,4,3,17,18,,,풍차 건설 가능(인접 농장당 인구 +1). 자기 숲 화전 가능(별 3 / 숲 -> 작물 평지).
10,Riding,기마,riding,4,1,19,,,,기마병 훈련 가능.
11,FreeSpirit,자유 영혼,freespirit,4,2,20,21,,,신전 건설 가능(별 20). 자기 유닛 해산 가능(비용 절반 환급).
12,Roads,도로,roads,4,2,22,23,,,"도로(별 3)/다리(별 5) 건설 가능 - 도로끼리 이동 0.5, 수도 연결 시 인구 보너스. 교역망 과업(연결 도시 5 → 대시장) 개방."
13,Chivalry,기사도,chivalry,4,3,24,25,,,기사 훈련 가능. 자기 건물 파괴 가능.
14,Trade,교역,trade,4,3,26,27,,,시장 건설 가능(인접 풍차/대장간/제재소 레벨만큼 별/턴). 부 과업(별 100 보유 → 황제의 무덤) 개방.
15,Hunting,사냥,hunting,4,1,28,29,,,동물 사냥 가능(별 2 / 인구 +1). 숨겨진 동물 발견.
16,Forestry,임업,forestry,4,2,30,31,,,벌목장 건설 가능(별 3 / 인구 +1). 자기 숲 벌목 가능(별 +1).
17,Archery,궁술,archery,4,2,32,33,,,궁수 훈련 가능. 숲 타일 유닛 방어력 +1.
18,Mathematics,수학,mathematics,4,3,34,35,,,제재소 건설 가능(인접 벌목장당 인구 +1). 투석기 훈련 가능.
19,Spiritualism,강신술,spiritualism,4,3,36,37,,,숲 신전 건설 가능(별 15). 자기 평지에 숲 생성 가능(별 5).
20,Fishing,낚시,fishing,4,1,38,39,40,,항구 건설 가능(별 7 / 인구 +1 / 들어온 육지 유닛은 뗏목 / 해로 연결). 물고기 낚시 가능. 숨겨진 물고기 발견.
21,Ramming,충파,ramming,4,2,41,,,,"뗏목을 충각선으로 업그레이드 가능(별 5, 자기 영토)."
22,Sailing,배 타기,sailing,4,2,42,43,,,"원양 타일 진입/이동 가능. 뗏목을 정찰선으로 업그레이드 가능(별 5, 시야 5x5)."
23,Aquatism,수생학,aquatics,4,3,44,45,,,해양 신전 건설 가능(별 20). 근해/원양 타일 유닛 방어력 +1.
24,Navigation,항해,navigation,4,3,46,47,48,49,뗏목을 폭격선으로 업그레이드 가능(별 15). 불가사리(유물) 인양 가능(별 +8). 숨겨진 불가사리 발견. 깊은 바다를 건너는 항구 연결.
