Index,Id,Name,Description,Tech1,Tech2,Tech3,Tech4,Tech5,Tech6,Tech7,Tech8,Tech9,Tech10,Tech11,Tech12,Tech13,Tech14,Tech15,Tech16,Tech17,Tech18,Tech19,Tech20,Tech21,Tech22,Tech23,Tech24,Tech25
0,XinXi,시신 기술,일반 부족 공용 트리(위키: 일반 부족은 모두 같은 기술트리) — 종족별로 빼거나 더할 수 있다,0,1,2,3,4,5,6,7,8,9,10,11,12,13,14,15,16,17,18,19,20,21,22,23,24
1,Imperius,임페리우스 기술,일반 부족 공용 트리,0,1,2,3,4,5,6,7,8,9,10,11,12,13,14,15,16,17,18,19,20,21,22,23,24
2,Bardur,바르두르 기술,일반 부족 공용 트리,0,1,2,3,4,5,6,7,8,9,10,11,12,13,14,15,16,17,18,19,20,21,22,23,24
3,Oumaji,우마지 기술,일반 부족 공용 트리,0,1,2,3,4,5,6,7,8,9,10,11,12,13,14,15,16,17,18,19,20,21,22,23,24
4,Kickoo,키쿠 기술,일반 부족 공용 트리,0,1,2,3,4,5,6,7,8,9,10,11,12,13,14,15,16,17,18,19,20,21,22,23,24
5,Hoodrick,후드릭 기술,일반 부족 공용 트리,0,1,2,3,4,5,6,7,8,9,10,11,12,13,14,15,16,17,18,19,20,21,22,23,24
6,Luxidoor,룩시도르 기술,일반 부족 공용 트리,0,1,2,3,4,5,6,7,8,9,10,11,12,13,14,15,16,17,18,19,20,21,22,23,24
7,Vengir,벵기르 기술,일반 부족 공용 트리,0,1,2,3,4,5,6,7,8,9,10,11,12,13,14,15,16,17,18,19,20,21,22,23,24
8,Zebasi,제바시 기술,일반 부족 공용 트리,0,1,2,3,4,5,6,7,8,9,10,11,12,13,14,15,16,17,18,19,20,21,22,23,24
9,AiMo,아이모 기술,일반 부족 공용 트리,0,1,2,3,4,5,6,7,8,9,10,11,12,13,14,15,16,17,18,19,20,21,22,23,24
10,Quetzali,케찰리 기술,일반 부족 공용 트리,0,1,2,3,4,5,6,7,8,9,10,11,12,13,14,15,16,17,18,19,20,21,22,23,24
11,Yadakk,야닥 기술,일반 부족 공용 트리,0,1,2,3,4,5,6,7,8,9,10,11,12,13,14,15,16,17,18,19,20,21,22,23,24
