Kind,Biome,Name,NoiseType,Frequency,Octaves,SeedOffset,InnerRadius,MountainRate,ForestRate,Entry,TerrainType,InnerWeight,OuterWeight,Weight,MinCount,CountPerTiles,MinDistance,EdgeMargin,MaxDistanceFromCity,MaxWaterFractionOnLakes,FillRemaining,InnerRate,OuterRate,AllowedTile1,AllowedTile2,AllowedTile3,AllowedTile4,AllowedTile5,Exclude1,Exclude2,Exclude3
Biome,Grassland,평원,Perlin,0.15,3,101,1,1,1,,,,,,,,,,,,,,,,,,,,,,
Tile,Grassland,,,,,,,,,Grass,Land,0.7,0.5,,0,0,0,0,,,,,,,,,,,,,
Tile,Grassland,,,,,,,,,Water,Water,0.2,0.15,,0,25,2,1,,,,,,,,,,,,,
Structure,Grassland,,,,,,,,,Village,,,,1,0,0,3,2,0,,1,0,0,Grass,,,,,,,
Structure,Grassland,,,,,,,,,Resource_Fruit,,,,0,0,0,0,0,0,,0,0.375,0.125,Grass,,,,,,,
Structure,Grassland,,,,,,,,,Resource_Crop,,,,0,0,0,0,0,0,,0,0.375,0.125,Grass,,,,,,,
Structure,Grassland,,,,,,,,,Resource_Animal,,,,0,0,0,0,0,0,,0,0.5,0.158,Forest,,,,,,,
Structure,Grassland,,,,,,,,,Resource_Metal,,,,0,0,0,0,0,0,,0,0.786,0.214,Mountain,,,,,,,
Structure,Grassland,,,,,,,,,Resource_Fish,,,,0,0,0,0,0,0,,0,0.5,0.5,Water,,,,,,,
Structure,Grassland,,,,,,,,,Ruin,,,,1,0,0,2,0,0,0.34,0,0,0,Grass,Forest,Mountain,Ocean,,Capital,Village,
Structure,Grassland,,,,,,,,,Starfish,,,,1,0,25,2,0,0,,0,0,0,Water,Ocean,,,,Capital,Village,Lighthouse
Biome,Desert,사막,Perlin,0.12,2,202,1,0.5,0.2,,,,,,,,,,,,,,,,,,,,,,
Tile,Desert,,,,,,,,,Sand,Land,0.8,0.65,,0,0,0,0,,,,,,,,,,,,,
Tile,Desert,,,,,,,,,Rock,Land,0.05,0.25,,0,20,2,0,,,,,,,,,,,Water,,
Tile,Desert,,,,,,,,,Water,Water,0.15,0.1,,0,35,3,1,,,,,,,,,,,Rock,,
Structure,Desert,,,,,,,,,Village,,,,1,0,0,3,2,0,,1,0,0,Sand,Rock,,,,,,
Structure,Desert,,,,,,,,,Resource_Fruit,,,,0,0,0,0,0,0,,0,0.375,0.125,Sand,Rock,,,,,,
Structure,Desert,,,,,,,,,Resource_Crop,,,,0,0,0,0,0,0,,0,0.375,0.125,Sand,Rock,,,,,,
Structure,Desert,,,,,,,,,Resource_Animal,,,,0,0,0,0,0,0,,0,0.1,0.032,Forest,,,,,,,
Structure,Desert,,,,,,,,,Resource_Metal,,,,0,0,0,0,0,0,,0,0.786,0.214,Mountain,,,,,,,
Structure,Desert,,,,,,,,,Resource_Fish,,,,0,0,0,0,0,0,,0,0.5,0.5,Water,,,,,,,
Structure,Desert,,,,,,,,,Ruin,,,,1,0,0,2,0,0,0.34,0,0,0,Sand,Rock,Forest,Mountain,Ocean,Capital,Village,
Structure,Desert,,,,,,,,,Starfish,,,,1,0,25,2,0,0,,0,0,0,Water,Ocean,,,,Capital,Village,Lighthouse
Biome,Highland,고지대,Perlin,0.18,3,303,1,1.5,0.5,,,,,,,,,,,,,,,,,,,,,,
Tile,Highland,,,,,,,,,Rock,Land,0.6,0.45,,0,0,0,0,,,,,,,,,,,,,
Tile,Highland,,,,,,,,,Snow,Land,0.15,0.35,,0,18,2,0,,,,,,,,,,,Water,,
Tile,Highland,,,,,,,,,Water,Water,0.25,0.2,,0,30,3,1,,,,,,,,,,,Snow,,
Structure,Highland,,,,,,,,,Village,,,,1,0,0,3,2,0,,1,0,0,Rock,Snow,,,,,,
Structure,Highland,,,,,,,,,Resource_Fruit,,,,0,0,0,0,0,0,,0,0.375,0.125,Rock,Snow,,,,,,
Structure,Highland,,,,,,,,,Resource_Crop,,,,0,0,0,0,0,0,,0,0.375,0.125,Rock,,,,,,,
Structure,Highland,,,,,,,,,Resource_Animal,,,,0,0,0,0,0,0,,0,0.5,0.158,Forest,,,,,,,
Structure,Highland,,,,,,,,,Resource_Metal,,,,0,0,0,0,0,0,,0,1,0.321,Mountain,,,,,,,
Structure,Highland,,,,,,,,,Resource_Fish,,,,0,0,0,0,0,0,,0,0.5,0.5,Water,,,,,,,
Structure,Highland,,,,,,,,,Ruin,,,,1,0,0,2,0,0,0.34,0,0,0,Rock,Snow,Forest,Mountain,Ocean,Capital,Village,
Structure,Highland,,,,,,,,,Starfish,,,,1,0,25,2,0,0,,0,0,0,Water,Ocean,,,,Capital,Village,Lighthouse
