Section,Column,Type,Required,Default,Example,Description
Column,Id,string,필수,,Climbing,
Column,Name,string,선택,Id,등반,
Column,Branch,string,선택,루트는 자기 Id / 그 외 부모 Branch,Climbing,갈래의 루트 기술 Id. 갈래는 CSV에서 처음 등장하는 순서대로 12시 방향부터 시계방향으로 배치됩니다.
Column,Parent,string,선택,선행 기술 없음,Climbing,선행 기술 Id. 루트는 비웁니다. 같은 파일에 존재해야 하며 자기 참조나 순환을 만들면 안 됩니다.
Column,Tier,integer,선택,1,2,1~3티어입니다.
Column,Slot,integer,선택,0,1,0은 시계방향 1은 반시계방향. 자식이 두 개일 때 사용
Column,Icon,string,선택,빈 값,mountaineering,프로젝트에 등록된 아이콘 이름. 예시 파일의 아이콘 값을 참고합니다.
Column,CostBase,integer,선택,GameRules.Tech.DefaultCostBase (현재 4),4,연구 비용.
Column,CostPerCity,integer,선택,Tier,2,보유 도시 수에 따라 연구 비용에 더하는 값.
Column,Unlock1,string,선택,해금 없음,Move.Mountain,해금 키 하나를 입력합니다.
Column,Unlock2,string,선택,해금 없음,Defense.Mountain,
Column,Unlock3,string,선택,해금 없음,Reveal.Resource_Metal,
Column,Unlock4,string,선택,해금 없음,Task.Genius,
Column,UnlockN,column pattern,선택,해금 없음,Unlock5,
Column,Effect,string,선택,빈 설명,산 타일 진입/이동 가능.,기술 상세 패널의 설명. 실제 효과는 Unlock 컬럼의 키가 결정합니다.
Column,Note,string,선택,,밸런스 조정 메모,기획 메모. 게임 로직에는 사용하지 않습니다.
UnlockKey,Move.Mountain,Passive,선택,,Move.Mountain,산 타일 진입/이동 가능
UnlockKey,Defense.Mountain,Passive,선택,,Defense.Mountain,산 타일 유닛 방어력 보너스
UnlockKey,Reveal.Resource_Metal,Passive,선택,,Reveal.Resource_Metal,숨겨진 광물 자원이 보인다
UnlockKey,Build.MountainTemple,BuildingConstruction,선택,,Build.MountainTemple,산악 신전 건설(별 20)
UnlockKey,Task.Pacifist,Quest,선택,,Task.Pacifist,5턴 비공격 → 평화의 제단
UnlockKey,Build.Mine,BuildingConstruction,선택,,Build.Mine,광산 건설(별 5 / 광물 위 / 인구 +2)
UnlockKey,Literacy,Passive,선택,,Literacy,모든 기술 개발 비용 1/3 감소
UnlockKey,Unit.cleric,UnitProduction,선택,,Unit.cleric,현자(사제) 유닛 훈련
UnlockKey,Task.Genius,Quest,선택,,Task.Genius,기술 전부 → 지혜의 탑
UnlockKey,Build.Forge,BuildingConstruction,선택,,Build.Forge,대장간 건설(인접 광산당 인구 +2)
UnlockKey,Unit.gladiator,UnitProduction,선택,,Unit.gladiator,검사(검투사) 유닛 훈련
UnlockKey,Harvest.Fruit,Active,선택,,Harvest.Fruit,과일 채집(별 2 / 인구 +1)
UnlockKey,Reveal.Resource_Crop,Passive,선택,,Reveal.Resource_Crop,숨겨진 농작물 자원이 보인다
UnlockKey,Unit.shield,UnitProduction,선택,,Unit.shield,방패병 유닛 훈련
UnlockKey,Build.Farm,BuildingConstruction,선택,,Build.Farm,농장 건설(별 5 / 작물 위 / 인구 +2)
UnlockKey,Unit.spy,UnitProduction,선택,,Unit.spy,망토(스파이) 유닛 훈련
UnlockKey,Vision.Capital,Passive,선택,,Vision.Capital,적 수도 칸이 항상 보인다
UnlockKey,Build.Windmill,BuildingConstruction,선택,,Build.Windmill,풍차 건설(인접 농장당 인구 +1)
UnlockKey,Ability.BurnForest,Active,선택,,Ability.BurnForest,자기 숲을 작물 평지로(별 3)
UnlockKey,Unit.cavalry,UnitProduction,선택,,Unit.cavalry,기마병 유닛 훈련
UnlockKey,Build.Temple,BuildingConstruction,선택,,Build.Temple,신전 건설(별 20)
UnlockKey,Ability.Disband,Active,선택,,Ability.Disband,자기 유닛 해산(비용 절반 환급)
UnlockKey,Build.Road,BuildingConstruction,선택,,Build.Road,도로(별 3)/다리(별 5) 건설
UnlockKey,Task.Network,Quest,선택,,Task.Network,연결 도시 5 → 대시장
UnlockKey,Unit.knight,UnitProduction,선택,,Unit.knight,기사 유닛 훈련
UnlockKey,Ability.Destroy,Active,선택,,Ability.Destroy,자기 건물 파괴
UnlockKey,Build.Market,BuildingConstruction,선택,,Build.Market,시장 건설(인접 가공 건물 레벨만큼 별/턴)
UnlockKey,Task.Wealth,Quest,선택,,Task.Wealth,별 100 보유 → 황제의 무덤
UnlockKey,Harvest.Animal,Active,선택,,Harvest.Animal,동물 사냥(별 2 / 인구 +1)
UnlockKey,Reveal.Resource_Animal,Passive,선택,,Reveal.Resource_Animal,숨겨진 동물 자원이 보인다
UnlockKey,Build.LumberHut,BuildingConstruction,선택,,Build.LumberHut,벌목장 건설(별 3 / 인구 +1)
UnlockKey,Ability.ClearForest,Active,선택,,Ability.ClearForest,자기 숲 벌목(별 +1)
UnlockKey,Unit.archer,UnitProduction,선택,,Unit.archer,궁수 유닛 훈련
UnlockKey,Defense.Forest,Passive,선택,,Defense.Forest,숲 타일 유닛 방어력 보너스
UnlockKey,Build.Sawmill,BuildingConstruction,선택,,Build.Sawmill,제재소 건설(인접 벌목장당 인구 +1)
UnlockKey,Unit.catapult,UnitProduction,선택,,Unit.catapult,투석기 유닛 훈련
UnlockKey,Build.ForestTemple,BuildingConstruction,선택,,Build.ForestTemple,숲 신전 건설(별 15)
UnlockKey,Ability.GrowForest,Active,선택,,Ability.GrowForest,자기 평지에 숲 생성(별 5)
UnlockKey,Build.Port,BuildingConstruction,선택,,Build.Port,항구 건설(별 7 / 인구 +1 / 해로 연결)
UnlockKey,Harvest.Fish,Active,선택,,Harvest.Fish,물고기 낚시
UnlockKey,Reveal.Resource_Fish,Passive,선택,,Reveal.Resource_Fish,숨겨진 물고기 자원이 보인다
UnlockKey,Unit.rammer,UnitProduction,선택,,Unit.rammer,뗏목 → 충각선 업그레이드(별 5)
UnlockKey,Move.Ocean,Passive,선택,,Move.Ocean,원양 타일 진입/이동 가능
UnlockKey,Unit.scout,UnitProduction,선택,,Unit.scout,뗏목 → 정찰선 업그레이드(별 5)
UnlockKey,Build.WaterTemple,BuildingConstruction,선택,,Build.WaterTemple,해양 신전 건설(별 20)
UnlockKey,Defense.Water,Passive,선택,,Defense.Water,근해/원양 타일 유닛 방어력 보너스
UnlockKey,Unit.bomber,UnitProduction,선택,,Unit.bomber,뗏목 → 폭격선 업그레이드(별 15)
UnlockKey,Harvest.Starfish,Active,선택,,Harvest.Starfish,불가사리 인양(별 +8)
UnlockKey,Reveal.Starfish,Passive,선택,,Reveal.Starfish,숨겨진 불가사리가 보인다
UnlockKey,Connect.Ocean,Passive,선택,,Connect.Ocean,깊은 바다를 건너는 항구 연결
